first_name,second_name,team,goals_scored,assists,total_points,minutes,goals_conceded,creativity,influence,threat,bonus,bps,ict_index,clean_sheets,red_cards,yellow_cards,selected_by_percent,now_cost,element_type
Folarin,Balogun,Arsenal,0,0,0,0,0,0.0,0.0,0.0,0,0,0.0,0,0,0,0.2,44,FWD
Cédric,Alves Soares,Arsenal,0,0,0,0,0,0.0,0.0,0.0,0,0,0.0,0,0,0,0.4,39,DEF
Mohamed,Elneny,Arsenal,0,1,4,1,0,0.5,1.8,2.0,0,12,0.4,0,0,0,0.1,44,MID
Fábio,Ferreira Vieira,Arsenal,1,3,21,236,2,63.6,79.4,77.0,0,62,21.9,1,1,0,0.1,54,MID
Gabriel,dos Santos Magalhães,Arsenal,2,1,76,1724,19,85.7,397.6,169.0,6,352,65.4,6,0,2,18.5,50,DEF
Kai,Havertz,Arsenal,4,2,60,1345,16,259.7,242.4,333.0,0,165,83.5,5,0,6,1.6,71,MID
Gabriel,Fernando de Jesus,Arsenal,4,4,63,1091,11,314.6,295.4,603.0,10,210,121.3,7,0,5,4.1,80,FWD
Jorge Luiz,Frello Filho,Arsenal,0,1,22,491,7,98.3,88.6,10.0,0,96,19.7,1,0,1,0.2,53,MID
Jakub,Kiwior,Arsenal,0,1,18,347,6,24.2,85.0,35.0,0,78,14.5,1,0,1,0.1,43,DEF
Marcus,Oliveira Alencar,Arsenal,0,0,0,0,0,0.0,0.0,0.0,0,0,0.0,0,0,0,0.0,45,MID
Gabriel,Martinelli Silva,Arsenal,5,3,84,1456,18,485.9,359.8,546.0,6,295,138.6,6,0,1,5.8,77,MID
Eddie,Nketiah,Arsenal,5,4,65,979,9,122.5,226.8,357.0,5,198,69.6,6,0,3,3.9,52,FWD
Martin,Ødegaard,Arsenal,4,4,90,1779,19,804.5,441.0,439.0,12,356,168.4,7,0,1,15.5,85,MID
Thomas,Partey,Arsenal,0,0,7,250,2,60.0,55.8,15.0,0,58,13.1,1,0,0,0.1,48,MID
Nicolas,Pépé,Arsenal,0,0,0,0,0,0.0,0.0,0.0,0,0,0.0,0,0,0,0.0,49,MID
Aaron,Ramsdale,Arsenal,0,0,17,450,4,0.0,55.8,0.0,0,77,5.6,2,0,0,6.0,45,GLK
Rúnar Alex,Rúnarsson,Arsenal,0,0,0,0,0,0.0,0.0,0.0,0,0,0.0,0,0,0,0.1,40,GLK
Bukayo,Saka,Arsenal,8,8,129,1921,22,859.6,654.6,785.0,16,464,230.1,7,0,2,60.1,90,MID
William,Saliba,Arsenal,1,1,84,2070,22,95.3,414.6,65.0,6,426,57.6,8,0,3,36.3,56,DEF
Emile,Smith Rowe,Arsenal,0,1,15,207,0,39.3,48.2,70.0,0,43,15.6,2,0,0,0.1,53,MID
Kieran,Tierney,Arsenal,0,0,0,0,0,0.0,0.0,0.0,0,0,0.0,0,0,0,0.1,44,DEF
Takehiro,Tomiyasu,Arsenal,1,1,39,628,5,67.8,139.6,57.0,3,147,26.2,3,1,0,0.3,45,DEF
Leandro,Trossard,Arsenal,5,1,64,753,7,209.2,252.2,344.0,8,174,80.4,3,0,0,1.6,65,MID
Benjamin,White,Arsenal,1,2,78,1745,21,309.5,398.0,119.0,7,395,82.7,7,0,5,10.6,56,DEF
Granit,Xhaka,Arsenal,0,0,0,0,0,0.0,0.0,0.0,0,0,0.0,0,0,0,0.0,60,MID
Oleksandr,Zinchenko,Arsenal,1,2,85,1427,13,398.5,347.6,127.0,13,379,87.3,7,0,2,10.8,52,DEF
David,Raya Martin,Arsenal,0,0,67,1620,18,0.0,273.4,0.0,3,304,27.3,6,0,0,6.2,49,GLK
Declan,Rice,Arsenal,3,2,78,1995,21,336.5,509.8,181.0,7,413,102.8,8,0,3,4.7,54,MID
Reiss,Nelson,Arsenal,0,0,9,113,0,41.5,22.6,15.0,0,29,7.8,0,0,1,0.0,48,MID
Jurriën,Timber,Arsenal,0,0,0,49,0,2.4,3.6,0.0,0,3,0.6,0,0,1,0.4,46,DEF
Karl,Hein,Arsenal,0,0,0,0,0,0.0,0.0,0.0,0,0,0.0,0,0,0,0.1,40,GLK
Charles,Sagoe,Arsenal,0,0,0,0,0,0.0,0.0,0.0,0,0,0.0,0,0,0,0.0,45,MID
Reuell,Walters,Arsenal,0,0,0,0,0,0.0,0.0,0.0,0,0,0.0,0,0,0,0.0,40,DEF
Bradley,Ibrahim,Arsenal,0,0,0,0,0,0.0,0.0,0.0,0,0,0.0,0,0,0,0.0,45,MID
Myles,Lewis-Skelly,Arsenal,0,0,0,0,0,0.0,0.0,0.0,0,0,0.0,0,0,0,0.0,45,MID
Ethan,Nwaneri,Arsenal,0,0,0,0,0,0.0,0.0,0.0,0,0,0.0,0,0,0,0.0,45,MID
Alexandre,Moreno Lopera,Aston Villa,2,0,35,535,10,104.0,158.0,120.0,5,122,38.1,2,0,0,1.7,51,DEF
Leon,Bailey,Aston Villa,7,6,88,1009,13,369.6,418.0,355.0,6,280,114.2,4,0,3,3.5,56,MID
Emiliano,Buendía Stati,Aston Villa,0,0,0,0,0,0.0,0.0,0.0,0,0,0.0,0,0,0,0.0,57,MID
Matty,Cash,Aston Villa,2,1,53,1399,21,165.7,320.8,327.0,4,253,81.4,3,0,5,15.9,47,DEF
Calum,Chambers,Aston Villa,0,0,0,0,0,0.0,0.0,0.0,0,0,0.0,0,0,0,1.0,38,DEF
Philippe,Coutinho Correia,Aston Villa,0,0,2,24,1,2.8,4.0,12.0,0,7,1.8,0,0,0,0.2,58,MID
Keinan,Davis,Aston Villa,0,0,0,0,0,0.0,0.0,0.0,0,0,0.0,0,0,0,0.1,49,FWD
Leander,Dendoncker,Aston Villa,1,1,20,118,3,3.9,59.2,37.0,3,64,10.0,0,0,0,0.0,49,MID
Diego Carlos,Santos Silva,Aston Villa,0,0,37,1066,15,42.6,212.0,65.0,1,208,31.9,4,0,3,0.7,44,DEF
Lucas,Digne,Aston Villa,0,3,56,1521,20,467.3,278.2,122.0,2,283,86.8,5,0,5,2.7,46,DEF
Douglas Luiz,Soares de Paulo,Aston Villa,6,4,103,1878,29,575.0,537.6,253.0,19,464,136.6,5,0,6,9.0,56,MID
Jhon,Durán,Aston Villa,2,1,24,174,1,30.5,81.2,103.0,3,72,20.8,0,0,4,0.2,50,FWD
Kortney,Hause,Aston Villa,0,0,0,0,0,0.0,0.0,0.0,0,0,0.0,0,0,0,0.2,39,DEF
Tim,Iroegbunam,Aston Villa,0,0,2,23,0,0.8,1.2,0.0,0,4,0.1,0,0,0,0.0,44,MID
Boubacar,Kamara,Aston Villa,0,1,38,1589,21,288.2,242.4,44.0,1,228,57.3,7,1,7,0.1,50,MID
Ezri,Konsa Ngoyo,Aston Villa,0,1,59,1996,30,117.5,369.4,157.0,4,374,64.6,5,0,5,3.3,46,DEF
Emiliano,Martínez Romero,Aston Villa,0,0,79,1980,29,20.0,553.2,0.0,12,421,57.4,6,0,4,12.5,52,GLK
John,McGinn,Aston Villa,6,2,90,1954,28,467.1,457.2,303.0,8,339,123.0,6,0,6,1.6,55,MID
Tyrone,Mings,Aston Villa,0,0,0,30,2,13.0,3.6,5.0,0,5,2.2,0,0,0,1.1,41,DEF
Robin,Olsen,Aston Villa,0,0,2,90,1,0.0,12.0,0.0,0,12,1.2,0,0,0,0.6,39,GLK
Jaden,Philogene-Bidace,Aston Villa,0,0,1,3,1,0.3,0.4,2.0,0,3,0.3,0,0,0,0.1,45,MID
Jacob,Ramsey,Aston Villa,1,0,19,550,7,90.6,94.0,106.0,0,57,29.2,0,0,2,0.1,59,MID
Morgan,Sanson,Aston Villa,0,0,0,0,0,0.0,0.0,0.0,0,0,0.0,0,0,0,0.0,45,MID
Viljami,Sinisalo,Aston Villa,0,0,0,0,0,0.0,0.0,0.0,0,0,0.0,0,0,0,0.0,40,GLK
Youri,Tielemans,Aston Villa,1,3,39,723,10,153.1,162.0,68.0,0,152,38.4,2,0,1,0.4,56,MID
Bertrand,Traoré,Aston Villa,0,0,2,10,0,0.0,3.0,0.0,0,6,0.3,0,0,0,0.0,50,MID
Ollie,Watkins,Aston Villa,11,14,146,2029,30,431.4,650.0,890.0,18,486,197.1,6,0,4,53.6,88,FWD
Wesley,Moraes Ferreira da Silva,Aston Villa,0,0,0,0,0,0.0,0.0,0.0,0,0,0.0,0,0,0,0.0,50,FWD
Pau,Torres,Aston Villa,2,0,61,1517,20,122.2,313.2,103.0,4,308,53.9,4,0,1,3.3,46,DEF
Moussa,Diaby,Aston Villa,4,7,91,1441,23,421.5,321.6,488.0,5,267,123.0,5,0,0,8.2,65,MID
Omari,Kellyman,Aston Villa,0,0,0,0,0,0.0,0.0,0.0,0,0,0.0,0,0,0,0.0,45,MID
Filip,Marschall,Aston Villa,0,0,0,0,0,0.0,0.0,0.0,0,0,0.0,0,0,0,0.0,40,GLK
Nicolò,Zaniolo,Aston Villa,1,0,18,525,7,83.3,73.2,226.0,0,0,37.8,1,0,5,0.1,54,MID
Oliwier,Zych,Aston Villa,0,0,0,0,0,0.0,0.0,0.0,0,0,0.0,0,0,0,0.1,40,GLK
Clément,Lenglet,Aston Villa,0,1,20,511,8,34.1,119.6,20.0,0,121,17.3,2,0,1,0.2,45,DEF
Sam,Proctor,Aston Villa,0,0,0,0,0,0.0,0.0,0.0,0,0,0.0,0,0,0,0.0,40,GLK
Tommi,O'Reilly,Aston Villa,0,0,0,0,0,0.0,0.0,0.0,0,0,0.0,0,0,0,0.0,45,MID
James,Wright,Aston Villa,0,0,0,0,0,0.0,0.0,0.0,0,0,0.0,0,0,0,0.0,40,GLK
Kaine,Kesler-Hayden,Aston Villa,0,0,0,0,0,0.0,0.0,0.0,0,0,0.0,0,0,0,0.0,40,DEF
Morgan,Rogers,Aston Villa,0,0,1,9,0,0.1,0.0,4.0,0,3,0.3,0,0,0,0.0,50,MID
Jaidon,Anthony,Bournemouth,0,0,3,151,5,4.6,9.0,16.0,0,4,3.0,0,0,1,0.0,49,MID
Philip,Billing,Bournemouth,2,3,49,1195,31,246.7,267.2,217.0,3,186,72.8,1,1,3,0.3,52,MID
David,Brooks,Bournemouth,1,1,23,271,7,112.4,88.2,113.0,2,71,31.4,0,0,1,0.1,47,MID
Ryan,Christie,Bournemouth,0,2,51,1715,34,364.9,317.6,234.0,3,238,92.0,5,0,3,0.1,50,MID
Lewis,Cook,Bournemouth,0,1,34,1351,26,331.2,239.6,21.0,2,217,59.3,4,1,3,0.0,50,MID
Siriki,Dembélé,Bournemouth,0,0,0,0,0,0.0,0.0,0.0,0,0,0.0,0,0,0,0.0,45,MID
Ryan,Fredericks,Bournemouth,0,0,0,0,0,0.0,0.0,0.0,0,0,0.0,0,0,0,0.0,43,DEF
James,Hill,Bournemouth,0,0,2,69,1,2.2,22.2,0.0,0,11,2.5,0,0,0,0.1,40,DEF
Lloyd,Kelly,Bournemouth,0,0,24,875,19,73.0,144.8,29.0,3,160,24.7,2,0,1,0.0,45,DEF
Gavin,Kilkenny,Bournemouth,0,0,0,0,0,0.0,0.0,0.0,0,0,0.0,0,0,0,0.1,43,MID
Justin,Kluivert,Bournemouth,3,0,47,949,12,180.4,168.2,270.0,2,101,62.0,5,0,3,0.3,46,MID
Jamal,Lowe,Bournemouth,0,0,0,0,0,0.0,0.0,0.0,0,0,0.0,0,0,0,0.0,49,MID
Emiliano,Marcondes,Bournemouth,0,0,0,0,0,0.0,0.0,0.0,0,0,0.0,0,0,0,0.0,43,MID
Chris,Mepham,Bournemouth,0,0,4,265,10,13.0,50.4,23.0,0,39,8.7,0,0,1,0.1,43,DEF
Kieffer,Moore,Bournemouth,1,0,14,100,2,27.9,37.4,81.0,2,38,14.1,0,0,0,0.2,46,FWD
Norberto,Murara Neto,Bournemouth,0,0,75,1800,34,0.0,549.6,0.0,11,381,55.0,5,0,4,3.4,46,GLK
Dango,Ouattara,Bournemouth,0,0,17,470,8,89.8,98.2,124.0,0,72,31.5,2,0,2,0.0,47,MID
Ben,Pearson,Bournemouth,0,0,0,0,0,0.0,0.0,0.0,0,0,0.0,0,0,0,0.0,45,MID
Darren,Randolph,Bournemouth,0,0,0,0,0,0.0,0.0,0.0,0,0,0.0,0,0,0,0.4,40,GLK
Joe,Rothwell,Bournemouth,0,0,13,380,12,63.9,45.8,5.0,0,54,11.6,0,0,0,0.0,48,MID
Antoine,Semenyo,Bournemouth,3,3,50,955,17,174.7,212.6,363.0,4,160,75.0,4,0,3,1.9,45,FWD
Marcos,Senesi,Bournemouth,2,2,59,1385,27,147.3,433.6,71.0,7,278,65.5,4,0,6,3.1,45,DEF
Adam,Smith,Bournemouth,0,2,37,920,14,134.6,187.6,4.0,0,182,32.8,3,0,0,0.1,44,DEF
Dominic,Solanke,Bournemouth,13,1,110,1957,38,223.3,568.2,850.0,12,357,164.3,5,0,1,27.0,71,FWD
Marcus,Tavernier,Bournemouth,2,4,65,1395,27,411.0,339.0,309.0,5,249,105.9,5,0,1,0.6,54,MID
Hamed,Traorè,Bournemouth,0,0,3,44,1,14.8,12.8,30.0,0,10,5.7,0,0,0,0.0,47,MID
Mark,Travers,Bournemouth,0,0,0,0,0,0.0,0.0,0.0,0,0,0.0,0,0,0,0.1,40,GLK
Illia,Zabarnyi,Bournemouth,0,0,46,1980,41,53.9,378.6,30.0,1,340,46.3,5,0,3,0.2,44,DEF
Milos,Kerkez,Bournemouth,0,1,33,1179,26,106.4,193.6,30.0,1,165,33.0,3,0,2,0.2,44,DEF
Ionuț,Radu,Bournemouth,0,0,2,180,7,0.0,33.0,0.0,0,31,3.3,0,0,0,0.1,44,GLK
Ben,Greenwood,Bournemouth,0,0,0,0,0,0.0,0.0,0.0,0,0,0.0,0,0,0,0.2,40,DEF
Max,Aarons,Bournemouth,0,1,23,1084,30,108.4,168.2,26.0,0,174,30.3,2,0,1,0.1,44,DEF
Alex,Scott,Bournemouth,1,1,22,477,12,80.5,107.4,34.0,3,84,22.1,1,0,2,0.0,49,MID
Tyler,Adams,Bournemouth,0,0,0,0,0,0.0,0.0,0.0,0,0,0.0,0,0,0,0.0,49,MID
Luis,Sinisterra,Bournemouth,2,2,37,504,10,157.3,185.2,206.0,2,122,55.0,1,0,0,0.0,55,MID
Romain,Faivre,Bournemouth,0,0,0,1,0,0.9,0.0,0.0,0,-2,0.1,0,0,1,0.0,50,MID
Max,Kinsey-Wellings,Bournemouth,0,0,0,0,0,0.0,0.0,0.0,0,0,0.0,0,0,0,0.0,40,DEF
Enes,Ünal,Bournemouth,0,0,0,0,0,0.0,0.0,0.0,0,0,0.0,0,0,0,0.0,50,FWD
Kristoffer,Ajer,Brentford,0,1,24,736,13,95.1,129.6,109.0,1,122,33.3,2,0,4,0.2,44,DEF
Ellery,Balcombe,Brentford,0,0,0,0,0,0.0,0.0,0.0,0,0,0.0,0,0,0,0.2,39,GLK
Shandon,Baptiste,Brentford,1,0,14,206,5,25.7,70.8,58.0,0,64,15.4,0,0,0,0.9,43,MID
Mads,Bech Sørensen,Brentford,0,0,0,0,0,0.0,0.0,0.0,0,0,0.0,0,0,0,0.1,40,DEF
Mads,Bidstrup,Brentford,0,0,0,0,0,0.0,0.0,0.0,0,0,0.0,0,0,0,0.0,45,MID
Sergi,Canós Tenés,Brentford,0,0,0,0,0,0.0,0.0,0.0,0,0,0.0,0,0,0,0.0,50,MID
Nathan,Collins,Brentford,1,1,43,1360,29,53.4,339.2,116.0,3,262,51.0,3,0,2,0.4,45,DEF
Matthew,Cox,Brentford,0,0,0,0,0,0.0,0.0,0.0,0,0,0.0,0,0,0,0.0,40,GLK
Mikkel,Damsgaard,Brentford,0,1,15,308,3,67.0,52.6,47.0,0,48,16.7,1,0,0,0.0,48,MID
Josh,Dasilva,Brentford,0,0,3,22,0,15.4,6.8,14.0,0,6,3.6,0,0,0,0.0,47,MID
Halil,Dervişoğlu,Brentford,0,0,0,0,0,0.0,0.0,0.0,0,0,0.0,0,0,0,0.0,45,FWD
Mark,Flekken,Brentford,0,0,50,1755,34,0.0,404.2,0.0,1,329,40.4,3,0,1,2.3,45,GLK
Charlie,Goode,Brentford,0,0,0,0,0,0.0,0.0,0.0,0,0,0.0,0,0,0,0.2,39,DEF
Rico,Henry,Brentford,0,1,13,401,5,67.9,72.8,17.0,0,74,15.7,1,0,1,0.9,43,DEF
Aaron,Hickey,Brentford,0,0,17,713,12,28.4,66.6,37.0,0,87,12.9,2,0,5,0.1,44,DEF
Vitaly,Janelt,Brentford,0,2,49,1722,29,350.1,265.2,196.0,1,250,81.2,4,0,3,0.1,53,MID
Mathias,Jensen,Brentford,3,4,67,1136,22,397.3,322.8,100.0,8,270,81.9,5,0,2,0.8,54,MID
Keane,Lewis-Potter,Brentford,2,1,38,748,19,93.4,142.2,266.0,1,100,50.0,1,0,0,0.1,47,MID
Bryan,Mbeumo,Brentford,7,4,87,1286,20,397.6,384.2,440.0,9,250,122.1,3,0,1,6.4,68,MID
Ben,Mee,Brentford,2,1,30,852,18,85.2,248.0,107.0,3,151,44.0,0,1,0,1.5,48,DEF
Christian,Nørgaard,Brentford,1,1,43,1636,32,262.1,320.4,212.0,2,259,79.7,3,0,8,0.1,53,MID
Frank,Onyeka,Brentford,0,1,20,732,17,122.7,138.4,101.0,0,85,36.1,1,0,5,0.0,49,MID
Ethan,Pinnock,Brentford,1,0,52,1890,36,59.4,502.8,186.0,5,360,75.1,3,0,0,3.0,46,DEF
Mads,Roerslev Rasmussen,Brentford,0,2,29,894,21,146.3,184.4,19.0,0,163,35.2,1,0,0,0.1,44,DEF
Kevin,Schade,Brentford,1,1,19,255,2,42.0,48.2,62.0,2,40,15.1,1,0,0,0.1,52,MID
Thomas,Strakosha,Brentford,0,0,4,135,2,0.0,42.8,0.0,0,24,4.3,0,0,0,1.8,39,GLK
Ivan,Toney,Brentford,2,1,18,180,5,32.3,90.8,75.0,4,62,19.9,0,0,1,6.0,81,FWD
Ryan,Trevitt,Brentford,0,0,0,0,0,0.0,0.0,0.0,0,0,0.0,0,0,0,0.0,45,MID
Yoane,Wissa,Brentford,4,2,65,1543,24,201.5,248.6,461.0,8,195,90.4,6,0,2,4.3,56,FWD
Yegor,Yarmoliuk,Brentford,0,0,15,379,5,39.9,48.6,67.0,0,45,15.4,2,0,2,0.5,43,MID
Mathias,Jorgensen,Brentford,0,0,4,187,5,19.3,39.4,0.0,0,30,5.9,0,0,0,0.1,43,DEF
Neal,Maupay,Brentford,4,3,53,962,23,168.4,236.8,432.0,5,176,83.5,2,0,4,1.0,49,FWD
Sergio,Reguilón,Brentford,0,0,19,425,7,121.9,71.8,34.0,2,91,22.8,2,0,3,0.3,44,DEF
Michael,Olakigbe,Brentford,0,0,8,51,0,4.1,4.8,27.0,0,14,3.5,0,0,0,0.0,45,MID
Ethan,Brierley,Brentford,0,0,0,0,0,0.0,0.0,0.0,0,0,0.0,0,0,0,0.0,45,MID
Saman,Ghoddos,Brentford,1,0,21,691,17,162.4,132.0,45.0,0,110,34.1,0,0,5,0.0,45,MID
Ji-Soo,Kim,Brentford,0,0,0,0,0,0.0,0.0,0.0,0,0,0.0,0,0,0,0.0,40,DEF
Valintino,Adedokun,Brentford,0,0,0,0,0,0.0,0.0,0.0,0,0,0.0,0,0,0,0.0,40,DEF
Myles,Peart-Harris,Brentford,0,0,3,11,0,10.9,2.2,2.0,0,6,1.5,0,0,0,0.0,45,MID
Vincent,Angelini,Brentford,0,0,0,0,0,0.0,0.0,0.0,0,0,0.0,0,0,0,0.0,40,GLK
Hákon,Valdimarsson,Brentford,0,0,0,0,0,0.0,0.0,0.0,0,0,0.0,0,0,0,0.0,40,GLK
Benjamin,Fredrick,Brentford,0,0,0,0,0,0.0,0.0,0.0,0,0,0.0,0,0,0,0.0,40,DEF
Simon,Adingra,Brighton,4,1,56,1139,23,271.9,276.8,345.0,6,191,89.2,0,0,2,0.4,50,MID
Steven,Alzate,Brighton,0,0,0,0,0,0.0,0.0,0.0,0,0,0.0,0,0,0,0.0,44,MID
Yasin,Ayari,Brighton,0,0,0,0,0,0.0,0.0,0.0,0,0,0.0,0,0,0,0.0,45,MID
Facundo,Buonanotte,Brighton,2,1,31,688,10,168.8,148.8,125.0,1,81,44.3,2,0,4,0.1,47,MID
Aaron,Connolly,Brighton,0,0,0,0,0,0.0,0.0,0.0,0,0,0.0,0,0,0,0.0,45,FWD
Mahmoud,Dahoud,Brighton,0,1,14,449,6,127.2,70.4,24.0,0,68,21.7,1,1,1,0.1,48,MID
Lewis,Dunk,Brighton,2,0,38,1686,33,121.0,474.6,235.0,2,291,83.1,1,1,4,2.8,50,DEF
Julio,Enciso,Brighton,0,2,8,68,1,25.0,39.0,30.0,0,30,9.4,0,0,1,0.4,50,MID
Pervis,Estupiñán,Brighton,2,3,46,756,15,259.4,260.2,125.0,7,206,64.4,2,0,2,28.6,51,DEF
Evan,Ferguson,Brighton,6,1,61,1095,23,86.8,258.6,331.0,5,205,67.5,2,0,1,4.8,58,FWD
Billy,Gilmour,Brighton,0,3,51,1515,28,371.3,223.8,92.0,4,283,68.7,4,0,4,0.3,49,MID
Pascal,Groß,Brighton,3,8,98,1821,28,930.0,627.6,317.0,18,431,187.6,3,0,3,5.5,64,MID
João Pedro,Junqueira de Jesus,Brighton,8,2,83,1385,25,330.1,485.2,644.0,11,322,146.0,3,0,2,11.9,54,FWD
Michał,Karbownik,Brighton,0,0,0,0,0,0.0,0.0,0.0,0,0,0.0,0,0,0,0.0,40,DEF
Kacper,Kozłowski,Brighton,0,0,0,0,0,0.0,0.0,0.0,0,0,0.0,0,0,0,0.0,45,MID
Adam,Lallana,Brighton,0,1,20,516,8,149.8,56.4,82.0,0,59,28.8,1,0,1,0.0,49,MID
Tariq,Lamptey,Brighton,0,3,16,320,8,63.2,69.4,25.0,0,70,15.5,0,0,2,3.8,39,DEF
Solly,March,Brighton,3,1,39,555,11,126.5,197.4,139.0,6,134,46.4,2,0,1,2.2,61,MID
Tom,McGill,Brighton,0,0,0,0,0,0.0,0.0,0.0,0,0,0.0,0,0,0,0.3,39,GLK
James,Milner,Brighton,0,2,28,770,12,253.5,152.8,61.0,0,146,46.8,4,0,3,0.1,48,MID
Kaoru,Mitoma,Brighton,3,5,63,1320,25,346.3,294.2,547.0,7,211,118.9,0,0,4,13.6,64,MID
Jakub,Moder,Brighton,0,0,5,82,2,24.4,19.4,6.0,0,19,5.1,0,0,1,0.1,44,MID
Jeremy,Sarmiento Morante,Brighton,0,0,0,0,0,0.0,0.0,0.0,0,0,0.0,0,0,0,0.0,45,MID
Kjell,Scherpen,Brighton,0,0,0,0,0,0.0,0.0,0.0,0,0,0.0,0,0,0,0.0,40,GLK
Jason,Steele,Brighton,0,0,38,1170,23,0.1,299.8,0.0,5,232,30.0,2,0,0,2.2,42,GLK
Deniz,Undav,Brighton,0,0,0,0,0,0.0,0.0,0.0,0,0,0.0,0,0,0,0.0,55,FWD
Jan Paul,van Hecke,Brighton,0,0,37,1468,22,71.9,413.4,120.0,3,268,60.7,2,0,2,2.7,40,DEF
Joël,Veltman,Brighton,0,1,20,908,20,55.3,180.4,49.0,0,157,28.5,0,0,1,0.4,43,DEF
Bart,Verbruggen,Brighton,0,0,23,900,15,0.0,262.6,0.0,2,180,26.3,0,0,1,0.4,44,GLK
Adam,Webster,Brighton,0,0,11,631,13,32.5,127.0,23.0,0,114,18.4,1,0,2,0.2,42,DEF
Danny,Welbeck,Brighton,2,2,38,772,13,147.6,151.8,243.0,4,115,54.3,5,0,2,0.7,57,FWD
Andi,Zeqiri,Brighton,0,0,0,0,0,0.0,0.0,0.0,0,0,0.0,0,0,0,0.4,44,FWD
Igor Julio,dos Santos de Paulo,Brighton,0,0,14,879,17,71.1,164.2,10.0,1,146,24.6,0,0,4,0.1,43,DEF
Jack,Hinshelwood,Brighton,3,0,42,866,17,118.9,200.2,230.0,5,155,55.0,2,0,1,0.1,45,MID
Carlos,Baleba,Brighton,0,0,14,589,14,71.8,99.4,24.0,0,76,19.6,0,0,4,0.0,45,MID
Anssumane,Fati Vieira,Brighton,2,0,22,288,6,54.5,97.0,176.0,1,58,32.7,1,0,1,0.3,64,MID
Mark,O’Mahony,Brighton,0,0,0,0,0,0.0,0.0,0.0,0,0,0.0,0,0,0,0.0,45,FWD
Benicio,Baker-Boaitey,Brighton,0,0,3,13,0,1.3,3.6,0.0,0,9,0.4,0,0,0,0.0,45,MID
Ben,Jackson,Brighton,0,0,0,0,0,0.0,0.0,0.0,0,0,0.0,0,0,0,0.0,40,DEF
Joshua,Duffus,Brighton,0,0,0,0,0,0.0,0.0,0.0,0,0,0.0,0,0,0,0.0,44,MID
Leigh,Kavanagh,Brighton,0,0,0,0,0,0.0,0.0,0.0,0,0,0.0,0,0,0,0.0,40,DEF
Luca,Barrington,Brighton,0,0,0,0,0,0.0,0.0,0.0,0,0,0.0,0,0,0,0.0,45,MID
Cameron,Peupion,Brighton,0,0,0,0,0,0.0,0.0,0.0,0,0,0.0,0,0,0,0.0,45,MID
Enock,Agyei,Burnley,0,0,0,0,0,0.0,0.0,0.0,0,0,0.0,0,0,0,0.2,42,MID
Ameen,Al-Dakhil,Burnley,1,0,19,1055,26,42.8,193.0,84.0,0,127,32.0,0,0,1,1.2,38,DEF
Samuel,Bastien,Burnley,0,0,0,0,0,0.0,0.0,0.0,0,0,0.0,0,0,0,0.0,49,MID
Manuel Benson,Hedilazio,Burnley,0,0,4,73,3,9.1,8.0,22.0,0,11,4.0,0,0,0,0.1,52,MID
Jordan,Beyer,Burnley,0,1,30,1234,23,46.1,330.8,35.0,4,236,41.3,2,0,6,1.2,40,DEF
Josh,Brownhill,Burnley,3,0,56,1769,37,374.2,337.0,157.0,0,295,87.1,2,0,2,0.2,47,MID
Darko,Churlinov,Burnley,0,0,0,0,0,0.0,0.0,0.0,0,0,0.0,0,0,0,0.0,44,MID
Jack,Cork,Burnley,0,0,2,17,0,1.1,3.0,2.0,0,5,0.6,0,0,0,0.0,48,MID
Dara,Costelloe,Burnley,0,0,0,0,0,0.0,0.0,0.0,0,0,0.0,0,0,0,0.0,45,MID
Josh,Cullen,Burnley,0,1,20,934,25,137.8,158.0,20.0,0,133,31.6,0,0,5,0.1,50,MID
CJ,Egan-Riley,Burnley,0,0,0,0,0,0.0,0.0,0.0,0,0,0.0,0,0,0,0.2,39,DEF
Hjalmar,Ekdal,Burnley,0,0,5,325,7,13.3,49.6,15.0,0,41,7.7,0,0,2,0.1,39,DEF
Lyle,Foster,Burnley,4,3,52,1130,29,141.5,266.0,233.0,4,166,64.1,2,1,0,0.5,47,FWD
Denis,Franchi,Burnley,0,0,0,0,0,0.0,0.0,0.0,0,0,0.0,0,0,0,0.1,39,GLK
Jóhann Berg,Gudmundsson,Burnley,0,2,29,911,17,399.8,145.0,97.0,0,129,64.4,2,0,2,0.0,48,MID
Luke,McNally,Burnley,0,0,0,0,0,0.0,0.0,0.0,0,0,0.0,0,0,0,0.0,40,DEF
Arijanet,Muric,Burnley,0,0,0,0,0,0.0,0.0,0.0,0,0,0.0,0,0,0,0.1,43,GLK
Dara,O'Shea,Burnley,0,3,35,1657,41,109.4,413.4,110.0,1,281,63.5,2,0,3,0.2,44,DEF
Michael,Obafemi,Burnley,0,0,2,19,0,0.6,0.0,17.0,0,4,1.7,0,0,0,0.0,49,FWD
Bailey,Peacock-Farrell,Burnley,0,0,0,0,0,0.0,0.0,0.0,0,0,0.0,0,0,0,0.0,40,GLK
Connor,Roberts,Burnley,0,1,12,817,23,104.1,142.8,12.0,0,111,25.7,0,1,3,0.2,43,DEF
Jay,Rodriguez,Burnley,2,1,33,695,14,50.7,129.8,206.0,3,98,38.0,1,0,0,0.2,53,FWD
Charlie,Taylor,Burnley,1,1,34,1440,28,126.9,274.8,30.0,1,226,43.4,2,0,6,4.4,40,DEF
Bobby,Thomas,Burnley,0,0,0,0,0,0.0,0.0,0.0,0,0,0.0,0,0,0,0.0,40,DEF
Scott,Twine,Burnley,0,0,0,0,0,0.0,0.0,0.0,0,0,0.0,0,0,0,0.0,49,MID
Lawrence,Vigouroux,Burnley,0,0,0,0,0,0.0,0.0,0.0,0,0,0.0,0,0,0,0.3,39,GLK
Victor,da Silva,Burnley,0,0,30,1401,29,104.0,157.2,57.0,0,154,31.9,2,0,0,0.1,44,DEF
Wout,Weghorst,Burnley,0,0,0,0,0,0.0,0.0,0.0,0,0,0.0,0,0,0,0.0,55,FWD
Anass,Zaroury,Burnley,0,0,4,149,4,36.3,6.8,19.0,0,10,5.6,0,1,0,0.0,46,MID
David Datro,Fofana,Burnley,2,1,15,58,0,23.5,88.2,42.0,3,61,15.4,0,0,1,0.0,50,FWD
Sander,Berge,Burnley,1,1,44,1652,39,188.6,270.4,115.0,3,203,57.4,2,1,5,0.1,47,MID
Zeki,Amdouni,Burnley,4,1,66,1572,30,196.3,301.2,394.0,9,194,89.0,5,0,1,0.3,53,FWD
James,Trafford,Burnley,0,0,62,2070,47,3.2,766.8,0.0,4,458,77.0,2,0,2,1.1,45,GLK
Nathan,Redmond,Burnley,0,0,11,132,5,52.5,23.8,18.0,0,38,9.4,0,0,1,0.0,47,MID
Luca,Koleosho,Burnley,1,2,40,972,23,147.9,86.8,213.0,0,80,44.5,3,0,0,0.1,48,MID
Jacob,Bruun Larsen,Burnley,2,0,32,455,10,162.8,106.2,143.0,0,91,40.7,1,0,0,0.0,49,MID
Owen,Dodgson,Burnley,0,0,0,0,0,0.0,0.0,0.0,0,0,0.0,0,0,0,0.0,40,DEF
Wilson,Odobert,Burnley,3,2,47,814,19,153.5,205.6,178.0,3,166,53.5,2,0,2,0.1,50,MID
Hannes,Delcroix,Burnley,0,0,6,382,16,37.8,63.2,42.0,0,64,14.3,0,0,1,0.0,40,DEF
Aaron,Ramsey,Burnley,0,0,15,380,11,27.3,42.0,43.0,0,50,11.1,0,0,0,0.0,50,MID
Han-Noah,Massengo,Burnley,0,0,2,5,0,0.0,2.4,0.0,0,8,0.2,0,0,0,0.0,49,MID
Mike,Trésor,Burnley,0,0,18,397,9,109.7,43.4,24.0,0,68,17.8,0,0,0,0.0,53,MID
Lorenz,Assignon,Burnley,0,1,4,89,2,14.9,25.0,0.0,0,24,4.0,0,0,0,0.0,40,DEF
Maxime,Esteve,Burnley,0,0,1,45,0,1.1,8.4,0.0,0,8,1.0,0,0,0,0.0,40,DEF
Moisés,Caicedo Corozo,Chelsea,0,1,39,1580,27,212.9,259.0,27.0,0,231,49.5,4,0,6,1.2,45,MID
Robert,Sánchez,Chelsea,0,0,59,1433,25,0.1,450.6,0.0,7,317,45.2,3,0,2,3.2,45,GLK
Ethan,Ampadu,Chelsea,0,0,0,0,0,0.0,0.0,0.0,0,0,0.0,0,0,0,0.0,40,DEF
Andrey,Nascimento dos Santos,Chelsea,0,0,1,7,0,0.5,0.0,3.0,0,1,0.2,0,0,0,0.1,42,MID
Kepa,Arrizabalaga,Chelsea,0,0,0,0,0,0.0,0.0,0.0,0,0,0.0,0,0,0,0.2,50,GLK
Pierre-Emerick,Aubameyang,Chelsea,0,0,0,0,0,0.0,0.0,0.0,0,0,0.0,0,0,0,0.0,65,FWD
César,Azpilicueta,Chelsea,0,0,0,0,0,0.0,0.0,0.0,0,0,0.0,0,0,0,0.0,45,DEF
Abdul Rahman,Baba,Chelsea,0,0,0,0,0,0.0,0.0,0.0,0,0,0.0,0,0,0,0.0,40,DEF
Benoît,Badiashile,Chelsea,0,1,18,559,15,40.1,160.8,25.0,4,123,22.6,1,0,1,0.1,44,DEF
Marcus,Bettinelli,Chelsea,0,0,-1,0,0,0.0,0.0,0.0,0,-3,0.0,0,0,1,0.0,40,GLK
Trevoh,Chalobah,Chelsea,0,0,0,0,0,0.0,0.0,0.0,0,0,0.0,0,0,0,0.0,43,DEF
Ben,Chilwell,Chelsea,0,1,15,472,10,190.2,91.0,92.0,2,85,37.3,1,0,5,5.0,54,DEF
Carney,Chukwuemeka,Chelsea,1,1,12,168,4,45.4,63.2,46.0,0,43,15.5,0,0,2,1.1,42,MID
Levi,Colwill,Chelsea,1,1,61,1597,23,111.0,331.8,163.0,4,317,60.7,5,0,2,4.8,47,DEF
Marc,Cucurella Saseta,Chelsea,0,0,10,703,14,92.3,148.4,58.0,0,104,29.9,1,0,5,0.4,48,DEF
Enzo,Fernández,Chelsea,2,1,50,1532,30,365.2,327.2,280.0,3,236,97.1,5,0,6,2.2,48,MID
Wesley,Fofana,Chelsea,0,0,0,0,0,0.0,0.0,0.0,0,0,0.0,0,0,0,0.0,44,DEF
Conor,Gallagher,Chelsea,0,5,59,1822,33,458.3,362.4,207.0,4,313,102.4,5,1,4,0.4,54,MID
Malo,Gusto,Chelsea,0,3,39,1013,16,209.3,190.8,69.0,5,221,46.8,3,1,5,7.0,42,DEF
Reece,James,Chelsea,0,1,9,386,12,156.9,115.2,59.0,0,95,33.2,0,1,0,2.9,53,DEF
Romelu,Lukaku Bolingoli,Chelsea,0,0,0,0,0,0.0,0.0,0.0,0,0,0.0,0,0,0,0.3,68,FWD
Noni,Madueke,Chelsea,2,0,23,297,7,87.8,110.4,120.0,1,81,31.7,0,0,1,0.1,53,MID
Mykhailo,Mudryk,Chelsea,3,4,59,863,14,232.9,210.0,191.0,4,165,63.2,4,0,3,1.0,63,MID
Nicolas,Jackson,Chelsea,7,2,67,1476,27,245.5,384.6,623.0,5,216,124.8,4,0,8,4.1,68,FWD
Christopher,Nkunku,Chelsea,2,0,17,246,9,40.1,76.8,138.0,2,55,25.2,0,0,0,1.8,74,FWD
Christian,Pulisic,Chelsea,0,0,0,0,0,0.0,0.0,0.0,0,0,0.0,0,0,0,0.0,55,MID
Malang,Sarr,Chelsea,0,0,0,0,0,0.0,0.0,0.0,0,0,0.0,0,0,0,0.1,43,DEF
Gabriel,Słonina,Chelsea,0,0,0,0,0,0.0,0.0,0.0,0,0,0.0,0,0,0,0.0,40,GLK
Raheem,Sterling,Chelsea,5,7,91,1656,32,367.8,352.0,565.0,6,236,128.0,4,0,5,7.3,70,MID
Thiago,Emiliano da Silva,Chelsea,2,0,64,1922,36,94.9,556.6,115.0,7,426,76.9,5,0,3,3.9,50,DEF
Hakim,Ziyech,Chelsea,0,0,0,0,0,0.0,0.0,0.0,0,0,0.0,0,0,0,0.1,54,MID
Cole,Palmer,Chelsea,10,5,112,1414,30,444.1,553.0,470.0,15,383,146.5,3,0,6,39.0,59,MID
Ângelo Gabriel,Borges Damaceno,Chelsea,0,0,0,0,0,0.0,0.0,0.0,0,0,0.0,0,0,0,0.0,50,MID
Ian,Maatsen,Chelsea,0,0,11,200,5,44.8,29.4,29.0,0,24,10.3,0,0,1,0.0,51,MID
Axel,Disasi,Chelsea,1,0,53,1866,32,80.2,386.2,92.0,4,344,55.8,5,0,5,3.6,49,DEF
Lesley,Ugochukwu,Chelsea,0,0,11,269,6,22.0,47.0,2.0,0,53,7.1,1,0,2,0.2,44,MID
Mason,Burstow,Chelsea,0,0,2,8,1,0.6,0.4,2.0,0,6,0.3,0,0,0,0.1,45,FWD
Lucas,Bergström,Chelsea,0,0,0,0,0,0.0,0.0,0.0,0,0,0.0,0,0,0,0.0,39,GLK
Roméo,Lavia,Chelsea,0,0,1,32,0,1.9,3.6,0.0,0,2,0.6,0,0,0,0.0,49,MID
Bashir,Humphreys,Chelsea,0,0,0,0,0,0.0,0.0,0.0,0,0,0.0,0,0,0,0.0,40,DEF
Deivid Washington,de Souza Eugênio,Chelsea,0,0,1,9,1,0.1,0.0,4.0,0,3,0.4,0,0,0,0.1,45,FWD
Eddie,Beach,Chelsea,0,0,0,0,0,0.0,0.0,0.0,0,0,0.0,0,0,0,0.0,40,GLK
Diego Manuel Jadon,da Silva Moreira,Chelsea,0,0,0,0,0,0.0,0.0,0.0,0,0,0.0,0,0,0,0.0,45,MID
Đorđe,Petrović,Chelsea,0,0,28,636,14,0.0,220.4,0.0,3,148,22.1,2,0,0,1.2,45,GLK
Alfie,Gilchrist,Chelsea,0,0,4,12,1,0.8,5.0,0.0,0,11,0.5,0,0,0,0.0,40,DEF
Ronnie,Stutter,Chelsea,0,0,0,0,0,0.0,0.0,0.0,0,0,0.0,0,0,0,0.0,45,FWD
Alex,Matos,Chelsea,0,0,1,1,0,0.0,0.0,0.0,0,2,0.0,0,0,0,0.0,45,MID
Josh,Brooking,Chelsea,0,0,0,0,0,0.0,0.0,0.0,0,0,0.0,0,0,0,0.0,40,DEF
Leo,Castledine,Chelsea,0,0,0,0,0,0.0,0.0,0.0,0,0,0.0,0,0,0,0.0,45,MID
Cesare,Casadei,Chelsea,0,0,1,5,0,0.3,0.2,0.0,0,3,0.1,0,0,0,0.0,45,MID
Rob,Holding,Crystal Palace,0,0,0,0,0,0.0,0.0,0.0,0,0,0.0,0,0,0,0.1,43,DEF
Naouirou,Ahamada,Crystal Palace,0,0,11,147,8,18.2,15.4,9.0,0,34,4.4,0,0,1,0.5,43,MID
Joachim,Andersen,Crystal Palace,2,2,73,2070,40,213.5,579.6,207.0,9,412,100.1,5,0,4,15.1,48,DEF
Jordan,Ayew,Crystal Palace,2,5,64,1726,28,291.8,336.6,399.0,0,198,102.7,6,1,4,0.3,54,MID
Nathaniel,Clyne,Crystal Palace,0,0,18,716,12,33.8,96.0,13.0,0,109,14.4,1,0,0,0.1,44,DEF
Cheick,Doucouré,Crystal Palace,0,0,21,920,12,138.5,165.8,36.0,0,141,34.2,3,0,2,0.0,49,MID
Malcolm,Ebiowei,Crystal Palace,0,0,0,0,0,0.0,0.0,0.0,0,0,0.0,0,0,0,0.0,44,MID
Odsonne,Edouard,Crystal Palace,6,0,61,1254,17,194.2,297.0,487.0,9,201,98.1,4,0,3,1.5,54,FWD
Eberechi,Eze,Crystal Palace,5,2,65,1160,21,478.9,372.2,415.0,5,248,126.7,3,0,2,3.3,60,MID
Vicente,Guaita,Crystal Palace,0,0,0,0,0,0.0,0.0,0.0,0,0,0.0,0,0,0,0.2,44,GLK
Marc,Guéhi,Crystal Palace,0,1,58,1913,32,80.3,401.6,35.0,6,360,51.8,5,0,2,3.2,44,DEF
Will,Hughes,Crystal Palace,0,0,32,1203,27,221.2,190.4,40.0,0,140,45.1,4,0,3,0.0,49,MID
Sam,Johnstone,Crystal Palace,0,0,56,1436,22,0.0,254.4,0.0,7,254,25.6,5,0,0,2.3,45,GLK
Jefferson,Lerma Solís,Crystal Palace,0,1,41,1575,32,277.0,226.4,205.0,3,206,70.8,3,0,4,0.1,47,MID
Jean-Philippe,Mateta,Crystal Palace,3,4,58,1057,28,222.8,232.0,235.0,5,178,69.1,2,0,2,0.6,49,FWD
Remi,Matthews,Crystal Palace,0,0,1,3,1,0.0,1.0,0.0,0,3,0.1,0,0,0,0.1,39,GLK
Tyrick,Mitchell,Crystal Palace,1,2,63,1897,37,196.8,408.2,60.0,6,335,66.6,5,0,4,3.3,46,DEF
Jake,O'Brien,Crystal Palace,0,0,0,0,0,0.0,0.0,0.0,0,0,0.0,0,0,0,0.0,40,DEF
Michael,Olise,Crystal Palace,6,3,72,754,16,353.1,379.6,297.0,14,269,103.2,0,0,0,2.1,59,MID
Luke,Plange,Crystal Palace,0,0,0,0,0,0.0,0.0,0.0,0,0,0.0,0,0,0,0.0,45,FWD
Chris,Richards,Crystal Palace,0,0,13,1011,25,33.9,179.2,14.0,0,124,22.8,0,0,2,0.6,39,DEF
Jairo,Riedewald,Crystal Palace,0,0,7,174,2,5.0,9.4,8.0,0,18,2.2,1,0,0,0.1,43,MID
Jeffrey,Schlupp,Crystal Palace,1,1,47,1220,21,183.1,207.8,209.0,1,140,59.8,4,0,0,0.1,49,MID
James,Tomkins,Crystal Palace,0,0,1,4,2,0.1,1.6,0.0,0,6,0.2,0,0,0,0.4,40,DEF
Joel,Ward,Crystal Palace,0,1,36,1332,23,69.4,219.6,31.0,0,198,31.9,4,0,4,0.2,45,DEF
Joe,Whitworth,Crystal Palace,0,0,0,0,0,0.0,0.0,0.0,0,0,0.0,0,0,0,1.0,39,GLK
Dean,Henderson,Crystal Palace,0,0,9,630,17,0.0,173.8,0.0,0,98,17.5,0,0,1,0.3,44,GLK
Matheus,França de Oliveira,Crystal Palace,0,0,6,93,3,55.7,9.8,33.0,0,15,9.7,0,0,1,0.0,48,MID
Jesurun,Rak-Sakyi,Crystal Palace,0,0,8,132,3,28.2,23.2,58.0,0,21,11.0,1,0,0,0.0,45,MID
John-Kymani,Gordon,Crystal Palace,0,0,0,0,0,0.0,0.0,0.0,0,0,0.0,0,0,0,0.0,45,FWD
Ademola,Ola-Adebomi,Crystal Palace,0,0,0,0,0,0.0,0.0,0.0,0,0,0.0,0,0,0,0.0,45,FWD
David,Ozoh,Crystal Palace,0,0,5,125,4,3.4,22.8,0.0,0,18,2.6,0,0,1,0.0,45,MID
Jadan,Raymond,Crystal Palace,0,0,0,0,0,0.0,0.0,0.0,0,0,0.0,0,0,0,0.0,45,MID
Tayo,Adaramola,Crystal Palace,0,0,0,0,0,0.0,0.0,0.0,0,0,0.0,0,0,0,0.0,40,DEF
Daniel,Muñoz,Crystal Palace,0,0,-1,90,4,11.8,21.0,0.0,0,18,3.3,0,0,1,0.0,45,DEF
Adam,Wharton,Crystal Palace,0,0,2,62,3,1.1,12.8,0.0,0,9,1.4,0,0,0,0.0,50,MID
André,Tavares Gomes,Everton,1,0,9,157,2,46.0,36.8,25.0,0,32,10.6,1,0,2,0.1,44,MID
Jarrad,Branthwaite,Everton,1,0,64,1800,25,44.4,401.4,102.0,6,346,54.8,7,0,7,3.7,41,DEF
Dominic,Calvert-Lewin,Everton,3,2,54,1299,19,168.9,175.2,518.0,3,112,85.0,8,0,1,0.8,58,FWD
Seamus,Coleman,Everton,0,0,14,198,0,2.8,43.6,2.0,0,60,4.9,2,0,0,0.0,44,DEF
Dele,Alli,Everton,0,0,0,0,0,0.0,0.0,0.0,0,0,0.0,0,0,0,0.0,48,MID
Abdoulaye,Doucouré,Everton,6,2,79,1532,20,305.8,347.2,456.0,7,255,111.2,6,0,4,0.5,55,MID
James,Garner,Everton,1,1,56,1876,29,443.2,379.8,165.0,2,273,98.8,7,0,4,0.1,49,MID
Jean-Philippe,Gbamin,Everton,0,0,0,0,0,0.0,0.0,0.0,0,0,0.0,0,0,0,0.0,44,MID
Ben,Godfrey,Everton,0,0,12,255,2,12.9,41.8,66.0,0,38,12.0,2,0,2,0.1,43,DEF
Demarai,Gray,Everton,0,0,0,0,0,0.0,0.0,0.0,0,0,0.0,0,0,0,0.1,53,MID
Idrissa,Gueye,Everton,1,0,28,1103,19,145.7,178.8,88.0,2,164,41.3,2,0,6,0.0,48,MID
Michael,Keane,Everton,1,0,18,403,11,4.0,106.0,90.0,2,69,20.0,1,0,1,0.2,43,DEF
Dwight,McNeil,Everton,2,4,68,1566,19,485.3,346.8,237.0,3,253,107.0,7,0,1,0.4,54,MID
Vitalii,Mykolenko,Everton,2,1,78,1617,21,123.7,392.6,173.0,7,322,68.8,7,0,1,6.0,46,DEF
Amadou,Onana,Everton,1,0,42,1403,22,176.0,190.0,178.0,3,191,54.6,4,0,2,0.2,47,MID
Nathan,Patterson,Everton,0,2,34,954,19,131.8,201.6,24.0,3,181,35.9,2,0,4,0.2,44,DEF
Jordan,Pickford,Everton,0,0,89,2070,30,40.3,540.0,0.0,11,422,58.1,8,0,3,10.2,45,GLK
Ellis,Simms,Everton,0,0,0,0,0,0.0,0.0,0.0,0,0,0.0,0,0,0,0.0,45,FWD
James,Tarkowski,Everton,1,1,78,2070,30,186.1,529.2,209.0,6,401,92.7,8,0,4,5.8,46,DEF
João,Neves Virgínia,Everton,0,0,0,0,0,0.0,0.0,0.0,0,0,0.0,0,0,0,0.5,39,GLK
Andy,Lonergan,Everton,0,0,0,0,0,0.0,0.0,0.0,0,0,0.0,0,0,0,0.1,39,GLK
Ashley,Young,Everton,0,0,33,1368,21,299.1,172.8,33.0,2,212,50.7,4,1,4,0.3,44,DEF
Arnaut,Danjuma Groeneveld,Everton,1,0,26,587,10,79.3,73.6,271.0,0,53,42.4,2,0,0,0.1,52,MID
Lewis,Dobbin,Everton,1,0,14,173,2,28.0,60.8,50.0,0,46,13.8,1,0,1,0.1,45,MID
Youssef,Ramalho Chermiti,Everton,0,0,7,56,2,13.8,3.2,34.0,0,12,4.8,0,0,1,0.1,48,FWD
Thomas,Cannon,Everton,0,0,1,1,0,0.0,0.0,0.0,0,3,0.0,0,0,0,0.0,45,FWD
Tyler,Onyango,Everton,0,0,1,1,0,0.0,0.0,0.0,0,3,0.0,0,0,0,0.0,44,MID
Jack,Harrison,Everton,3,3,69,1386,15,263.5,282.8,268.0,5,210,81.5,8,0,0,0.2,55,MID
Norberto Bercique,Gomes Betuncal,Everton,1,0,26,546,7,108.3,65.4,202.0,0,49,36.8,2,0,1,0.1,57,FWD
Mackenzie,Hunt,Everton,0,0,0,0,0,0.0,0.0,0.0,0,0,0.0,0,0,0,0.0,45,MID
Jenson,Metcalfe,Everton,0,0,0,0,0,0.0,0.0,0.0,0,0,0.0,0,0,0,0.0,45,MID
Elijah,Campbell,Everton,0,0,0,0,0,0.0,0.0,0.0,0,0,0.0,0,0,0,0.0,40,DEF
Armando,Broja,Fulham,1,1,25,464,6,58.7,57.6,144.0,0,48,25.2,3,0,0,0.2,49,FWD
Alex,Iwobi,Fulham,3,1,53,1245,21,316.9,262.8,302.0,3,225,88.3,3,0,2,0.4,53,MID
Andreas,Hoelgebaum Pereira,Fulham,1,7,74,1574,24,714.5,287.4,189.0,3,270,119.2,7,0,4,1.0,53,MID
Tom,Cairney,Fulham,1,5,54,1012,16,241.1,226.2,113.0,2,252,58.1,3,0,1,0.1,49,MID
Ivan,Neves Abreu Cavaleiro,Fulham,0,0,0,0,0,0.0,0.0,0.0,0,0,0.0,0,0,0,0.0,50,MID
Bobby,De Cordova-Reid,Fulham,4,1,59,1026,23,177.2,213.4,235.0,5,187,62.1,2,0,2,0.2,53,MID
Issa,Diop,Fulham,0,0,34,964,17,18.1,222.6,29.0,3,191,27.0,4,0,2,0.4,44,DEF
Tyrese,Francois,Fulham,0,0,0,0,0,0.0,0.0,0.0,0,0,0.0,0,0,0,0.0,44,MID
Anthony,Knockaert,Fulham,0,0,0,0,0,0.0,0.0,0.0,0,0,0.0,0,0,0,0.0,44,MID
Terence,Kongolo,Fulham,0,0,0,0,0,0.0,0.0,0.0,0,0,0.0,0,0,0,0.1,40,DEF
Bernd,Leno,Fulham,0,0,82,2070,38,0.1,664.0,0.0,12,471,66.2,6,0,2,16.3,48,GLK
Saša,Lukić,Fulham,0,0,16,392,9,50.2,52.6,30.0,0,51,13.0,1,0,1,0.3,43,MID
Kevin,Mbabu,Fulham,0,0,0,0,0,0.0,0.0,0.0,0,0,0.0,0,0,0,0.2,40,DEF
Aleksandar,Mitrović,Fulham,0,0,1,32,0,0.3,6.4,26.0,0,6,3.3,0,0,0,0.7,74,FWD
Rodrigo,Muniz Carvalho,Fulham,1,0,20,440,9,80.9,69.8,169.0,2,48,31.5,1,0,1,0.4,44,FWD
João,Palhinha Gonçalves,Fulham,3,1,60,1668,28,125.9,431.8,218.0,7,247,77.5,5,0,9,0.3,50,MID
Tim,Ream,Fulham,1,0,36,1248,26,16.8,258.2,45.0,4,216,32.0,3,1,2,0.7,45,DEF
Harrison,Reed,Fulham,0,1,30,877,20,141.1,133.6,21.0,0,133,29.5,3,0,3,0.3,45,MID
Antonee,Robinson,Fulham,0,4,58,1928,37,356.0,482.0,105.0,4,392,94.3,5,0,4,1.5,44,DEF
Marek,Rodák,Fulham,0,0,-1,0,0,0.0,0.0,0.0,0,-3,0.0,0,0,1,0.4,39,GLK
Kenny,Tete,Fulham,1,0,23,670,16,67.4,164.0,56.0,0,130,28.7,2,0,2,0.3,44,DEF
Tosin,Adarabioyo,Fulham,1,0,36,812,12,22.2,247.8,83.0,2,175,35.3,3,0,0,0.3,43,DEF
Carlos Vinícius,Alves Morais,Fulham,2,0,22,306,5,61.3,83.6,139.0,2,77,28.2,0,0,2,1.2,45,FWD
Harry,Wilson,Fulham,2,4,53,1097,20,206.8,219.2,216.0,0,185,64.2,3,0,3,0.2,53,MID
Raúl,Jiménez,Fulham,5,0,55,1239,27,151.1,249.0,376.0,10,176,76.5,4,1,3,1.1,51,FWD
Willian,Borges da Silva,Fulham,4,2,69,1349,19,433.7,293.8,302.0,6,260,102.7,5,0,1,0.7,53,MID
Calvin,Bassey,Fulham,0,0,22,1115,22,23.2,219.8,13.0,0,190,25.7,2,1,2,0.2,44,DEF
Luc,De Fougerolles,Fulham,0,0,0,0,0,0.0,0.0,0.0,0,0,0.0,0,0,0,0.1,39,DEF
Jay,Stansfield,Fulham,0,0,0,0,0,0.0,0.0,0.0,0,0,0.0,0,0,0,0.0,45,FWD
Matthew,Dibley-Dias,Fulham,0,0,0,0,0,0.0,0.0,0.0,0,0,0.0,0,0,0,0.0,45,MID
Adama,Traoré,Fulham,0,0,4,40,3,5.0,9.6,21.0,0,9,3.5,0,0,0,0.0,49,MID
Luke,Harris,Fulham,0,0,2,74,5,0.7,3.2,17.0,0,2,2.1,0,0,0,0.0,45,MID
Timothy,Castagne,Fulham,0,0,51,1485,22,184.8,249.4,138.0,3,271,57.3,5,0,1,0.7,45,DEF
Steven,Benda,Fulham,0,0,0,0,0,0.0,0.0,0.0,0,0,0.0,0,0,0,0.0,40,GLK
Fodé,Ballo-Touré,Fulham,0,0,3,48,1,1.5,11.2,2.0,0,12,1.6,0,0,1,0.0,45,DEF
Devan,Tanton,Fulham,0,0,0,0,0,0.0,0.0,0.0,0,0,0.0,0,0,0,0.0,40,DEF
Kristian,Sekularac,Fulham,0,0,0,0,0,0.0,0.0,0.0,0,0,0.0,0,0,0,0.0,45,MID
Joshua,King,Fulham,0,0,0,0,0,0.0,0.0,0.0,0,0,0.0,0,0,0,0.0,45,MID
Adrián,San Miguel del Castillo,Liverpool,0,0,0,0,0,0.0,0.0,0.0,0,0,0.0,0,0,0,0.3,39,GLK
Trent,Alexander-Arnold,Liverpool,2,4,99,1577,17,788.3,436.2,147.0,18,449,137.3,7,0,5,21.1,85,DEF
Alisson,Ramses Becker,Liverpool,0,0,87,1890,19,10.1,476.2,0.0,9,443,48.5,7,0,1,14.5,57,GLK
Stefan,Bajcetic,Liverpool,0,0,0,0,0,0.0,0.0,0.0,0,0,0.0,0,0,0,0.0,47,MID
Darwin,Núñez Ribeiro,Liverpool,7,9,90,1323,13,301.0,466.4,808.0,8,266,157.6,6,0,7,14.1,74,FWD
Diogo,Teixeira da Silva,Liverpool,8,5,86,911,9,233.3,378.0,449.0,5,260,106.0,5,1,1,12.9,80,MID
Harvey,Elliott,Liverpool,1,2,33,514,5,160.6,131.0,103.0,0,147,39.3,2,0,1,0.2,48,MID
Fabio Henrique,Tavares,Liverpool,0,0,0,0,0,0.0,0.0,0.0,0,0,0.0,0,0,0,0.0,50,MID
Cody,Gakpo,Liverpool,3,2,48,910,12,142.9,219.8,312.0,3,165,66.9,3,0,0,2.2,72,FWD
Joe,Gomez,Liverpool,0,1,55,1165,9,212.7,212.6,83.0,2,259,50.9,6,0,3,1.6,45,DEF
Jordan,Henderson,Liverpool,0,0,0,0,0,0.0,0.0,0.0,0,0,0.0,0,0,0,0.0,50,MID
Curtis,Jones,Liverpool,1,1,31,826,12,102.1,137.6,143.0,2,130,37.9,2,1,1,0.1,49,MID
Caoimhin,Kelleher,Liverpool,0,0,7,180,3,0.0,32.6,0.0,0,41,3.2,1,0,0,1.5,37,GLK
Ibrahima,Konaté,Liverpool,0,0,41,1148,14,118.9,274.2,73.0,0,243,46.6,5,1,3,2.1,49,DEF
Luis,Díaz,Liverpool,4,4,76,1393,17,345.9,280.2,513.0,3,202,113.7,5,0,2,7.5,74,MID
Alexis,Mac Allister,Liverpool,1,1,39,1371,17,261.4,274.2,43.0,3,221,57.8,4,1,5,2.7,58,MID
Joel,Matip,Liverpool,0,0,21,779,9,33.3,192.8,35.0,0,145,26.1,2,0,2,0.3,48,DEF
Nathaniel,Phillips,Liverpool,0,0,0,0,0,0.0,0.0,0.0,0,0,0.0,0,0,0,0.1,40,DEF
Andrew,Robertson,Liverpool,1,0,27,773,12,301.7,205.0,48.0,3,179,55.5,1,0,1,2.4,64,DEF
Mohamed,Salah,Liverpool,14,8,156,1740,17,618.5,771.0,939.0,21,469,233.1,7,0,2,20.0,130,MID
Dominik,Szoboszlai,Liverpool,3,4,82,1659,15,561.3,363.6,231.0,7,363,115.4,8,0,1,4.4,71,MID
Thiago,Alcántara do Nascimento,Liverpool,0,0,1,5,1,0.4,0.6,0.0,0,3,0.1,0,0,0,0.1,47,MID
Konstantinos,Tsimikas,Liverpool,0,3,45,662,7,248.4,154.8,26.0,4,191,43.0,4,0,0,1.8,45,DEF
Sepp,van den Berg,Liverpool,0,0,0,0,0,0.0,0.0,0.0,0,0,0.0,0,0,0,0.0,40,DEF
Virgil,van Dijk,Liverpool,1,2,80,1827,21,103.9,562.2,234.0,8,416,90.2,7,1,1,14.9,63,DEF
Jarell,Quansah,Liverpool,0,0,12,261,1,5.7,43.2,4.0,0,57,5.3,1,0,0,0.1,40,DEF
Bobby,Clark,Liverpool,0,0,2,14,0,0.5,2.2,4.0,0,4,0.7,0,0,0,0.0,44,MID
Ben,Doak,Liverpool,0,0,1,13,0,0.8,0.2,0.0,0,3,0.1,0,0,0,0.0,44,MID
James,McConnell,Liverpool,0,0,1,1,0,0.0,1.0,0.0,0,3,0.1,0,0,0,0.0,44,MID
Wataru,Endo,Liverpool,1,0,25,697,4,108.8,124.6,28.0,0,107,25.9,4,0,5,0.1,54,MID
Ryan,Gravenberch,Liverpool,0,0,25,704,8,126.3,88.6,129.0,0,90,34.3,3,0,0,0.1,50,MID
Luke,Chambers,Liverpool,0,0,0,0,0,0.0,0.0,0.0,0,0,0.0,0,0,0,0.0,40,DEF
Callum,Scanlon,Liverpool,0,0,0,0,0,0.0,0.0,0.0,0,0,0.0,0,0,0,0.0,39,DEF
Treymaurice,Nyoni,Liverpool,0,0,0,0,0,0.0,0.0,0.0,0,0,0.0,0,0,0,0.0,45,MID
Marcelo,de Araújo Pitaluga Filho,Liverpool,0,0,0,0,0,0.0,0.0,0.0,0,0,0.0,0,0,0,0.0,40,GLK
Conor,Bradley,Liverpool,1,3,29,149,0,73.9,111.8,45.0,3,86,23.0,2,0,1,1.7,41,DEF
Owen,Beck,Liverpool,0,0,1,7,0,0.3,5.0,0.0,0,2,0.5,0,0,0,0.0,45,DEF
Kaide,Gordon,Liverpool,0,0,1,1,0,0.3,0.2,2.0,0,3,0.3,0,0,0,0.0,45,MID
Albert,Sambi Lokonga,Luton,0,2,23,649,12,77.6,123.4,28.0,1,104,22.8,2,0,2,0.0,49,MID
Marvelous,Nakamba,Luton,0,0,21,1131,24,102.8,146.4,14.0,0,131,26.5,0,0,5,0.6,44,MID
Elijah,Adebayo,Luton,9,0,75,1059,25,170.3,358.4,420.0,6,257,94.9,2,0,1,1.9,49,FWD
Mads Juel,Andersen,Luton,1,0,15,397,6,1.8,126.8,27.0,1,75,15.6,0,0,1,0.6,39,DEF
Amari'i,Bell,Luton,0,0,30,1445,32,101.5,284.0,42.0,1,213,42.7,2,0,0,3.3,39,DEF
Luke,Berry,Luton,0,0,4,38,1,0.3,0.2,2.0,0,9,0.3,0,0,0,0.0,46,MID
Reece,Burke,Luton,0,1,20,696,12,74.6,150.4,53.0,0,108,27.8,1,0,1,0.1,40,DEF
Allan,Campbell,Luton,0,0,0,0,0,0.0,0.0,0.0,0,0,0.0,0,0,0,0.0,49,MID
Jordan,Clark,Luton,0,0,10,286,7,33.1,34.8,44.0,0,24,11.2,1,0,2,0.0,48,MID
Alfie,Doughty,Luton,1,7,72,1573,33,599.5,372.4,163.0,10,335,113.4,2,0,2,4.9,45,DEF
Luke,Freeman,Luton,0,0,0,0,0,0.0,0.0,0.0,0,0,0.0,0,0,0,0.0,49,MID
Matt,Macey,Luton,0,0,0,0,0,0.0,0.0,0.0,0,0,0.0,0,0,0,0.2,40,GLK
John,McAtee,Luton,0,0,0,0,0,0.0,0.0,0.0,0,0,0.0,0,0,0,0.4,45,FWD
Carlos,Mendes Gomes,Luton,0,0,0,0,0,0.0,0.0,0.0,0,0,0.0,0,0,0,0.0,45,MID
Carlton,Morris,Luton,5,6,86,1423,29,157.0,302.4,475.0,11,245,93.3,3,0,1,1.9,50,FWD
Admiral,Muskwe,Luton,0,0,0,0,0,0.0,0.0,0.0,0,0,0.0,0,0,0,0.1,45,FWD
Chiedozie,Ogbene,Luton,2,2,51,1278,24,269.6,261.4,313.0,4,240,84.5,2,0,0,0.1,49,FWD
Fred,Onyedinma,Luton,0,0,0,0,0,0.0,0.0,0.0,0,0,0.0,0,0,0,0.0,50,MID
Gabriel,Osho,Luton,2,0,34,1046,22,5.7,298.6,60.0,1,194,36.4,2,0,2,0.1,44,DEF
Aribim,Pepple,Luton,0,0,0,0,0,0.0,0.0,0.0,0,0,0.0,0,0,0,0.1,45,FWD
Dion,Pereira,Luton,0,0,0,0,0,0.0,0.0,0.0,0,0,0.0,0,0,0,0.0,44,MID
Dan,Potts,Luton,0,0,0,0,0,0.0,0.0,0.0,0,0,0.0,0,0,0,0.1,39,DEF
Glen,Rea,Luton,0,0,0,0,0,0.0,0.0,0.0,0,0,0.0,0,0,0,0.0,44,MID
James,Shea,Luton,0,0,0,0,0,0.0,0.0,0.0,0,0,0.0,0,0,0,0.1,43,GLK
Joe,Taylor,Luton,0,0,0,0,0,0.0,0.0,0.0,0,0,0.0,0,0,0,0.1,45,FWD
Elliot,Thorpe,Luton,0,0,0,0,0,0.0,0.0,0.0,0,0,0.0,0,0,0,0.0,45,MID
Jack,Walton,Luton,0,0,0,0,0,0.0,0.0,0.0,0,0,0.0,0,0,0,0.0,40,GLK
Louie,Watson,Luton,0,0,0,0,0,0.0,0.0,0.0,0,0,0.0,0,0,0,0.1,44,MID
Cauley,Woodrow,Luton,0,0,10,84,2,50.5,28.4,34.0,0,34,11.2,0,0,0,0.5,43,FWD
Teden,Mengi,Luton,1,0,28,1310,28,24.3,299.0,60.0,1,178,38.4,1,0,2,1.8,39,DEF
Ryan,Giles,Luton,0,0,11,498,14,108.7,83.2,38.0,0,81,23.1,0,0,0,0.1,42,DEF
Tom,Lockyer,Luton,1,1,23,1169,23,39.2,286.2,80.0,1,162,40.6,0,0,4,0.1,42,DEF
Pelly Ruddock,Mpanzu,Luton,0,0,26,768,15,69.9,74.4,60.0,0,73,20.4,1,0,0,0.0,47,MID
Tahith,Chong,Luton,1,0,25,769,18,78.2,106.6,110.0,0,64,29.1,0,0,3,0.1,47,MID
Issa,Kaboré,Luton,0,2,25,1047,23,158.7,180.6,50.0,3,137,38.8,0,0,4,3.1,40,DEF
Thomas,Kaminski,Luton,0,0,54,1980,42,0.0,638.8,0.0,2,370,63.8,2,0,3,0.4,45,GLK
Ross,Barkley,Luton,3,4,62,1334,30,368.7,405.4,215.0,4,292,98.6,2,0,3,0.5,49,MID
Jacob,Brown,Luton,2,1,39,1013,26,116.4,162.6,249.0,3,115,52.0,1,0,4,0.1,49,FWD
Aidan,Francis-Clarke,Luton,0,0,0,0,0,0.0,0.0,0.0,0,0,0.0,0,0,0,0.0,40,DEF
Tim,Krul,Luton,0,0,0,0,0,0.0,0.0,0.0,0,0,0.0,0,0,0,0.0,44,GLK
Joseph,Johnson,Luton,0,0,0,0,0,0.0,0.0,0.0,0,0,0.0,0,0,0,0.0,40,DEF
Andros,Townsend,Luton,1,3,42,702,14,165.4,140.8,93.0,3,143,39.8,3,0,0,0.1,50,MID
Jayden,Luker,Luton,0,0,0,0,0,0.0,0.0,0.0,0,0,0.0,0,0,0,0.0,45,MID
Zack,Nelson,Luton,0,0,0,0,0,0.0,0.0,0.0,0,0,0.0,0,0,0,0.0,45,MID
Daiki,Hashioka,Luton,0,0,0,0,0,0.0,0.0,0.0,0,0,0.0,0,0,0,0.0,40,DEF
Manuel,Akanji,Man City,2,0,49,1261,16,125.7,295.4,73.0,1,259,49.5,4,1,2,4.0,49,DEF
Nathan,Aké,Man City,2,2,57,1185,15,105.9,271.0,170.0,4,283,54.8,2,0,0,6.2,50,DEF
Julián,Álvarez,Man City,8,8,112,1765,18,712.2,514.6,584.0,17,474,181.1,8,0,2,32.9,69,FWD
Bernardo,Veiga de Carvalho e Silva,Man City,6,4,89,1426,20,509.3,495.4,336.0,15,379,134.2,3,0,4,4.8,65,MID
Oscar,Bobb,Man City,1,2,20,115,2,57.1,72.2,64.0,2,68,19.3,0,0,0,0.1,44,MID
João,Cancelo,Man City,0,0,0,0,0,0.0,0.0,0.0,0,0,0.0,0,0,0,1.0,58,DEF
Scott,Carson,Man City,0,0,0,0,0,0.0,0.0,0.0,0,0,0.0,0,0,0,0.1,38,GLK
Shea,Charles,Man City,0,0,0,0,0,0.0,0.0,0.0,0,0,0.0,0,0,0,0.0,45,MID
Kevin,De Bruyne,Man City,1,2,20,113,0,85.5,79.4,24.0,4,64,18.9,1,0,0,30.2,108,MID
Rúben,Gato Alves Dias,Man City,0,0,37,1387,20,106.0,311.4,110.0,1,251,52.9,3,0,0,6.4,55,DEF
Ederson,Santana de Moraes,Man City,0,0,56,1717,21,10.0,333.2,0.0,0,321,34.2,5,0,4,15.1,55,GLK
Phil,Foden,Man City,5,7,104,1680,20,652.9,485.0,549.0,12,408,169.0,7,0,1,26.3,79,MID
Jack,Grealish,Man City,3,1,40,697,10,267.7,214.4,222.0,6,165,70.5,2,0,5,1.7,72,MID
Erling,Haaland,Man City,14,5,113,1313,17,198.0,588.6,831.0,15,419,161.8,4,0,1,62.1,142,FWD
Mateo,Kovačić,Man City,0,0,27,852,11,188.1,115.4,61.0,0,159,36.4,4,0,3,0.4,47,MID
Aymeric,Laporte,Man City,0,0,1,11,0,0.1,11.4,17.0,0,4,2.9,0,0,0,0.1,49,DEF
Rico,Lewis,Man City,1,0,32,452,5,79.0,72.0,44.0,1,121,19.5,3,0,1,0.3,43,DEF
Riyad,Mahrez,Man City,0,0,0,0,0,0.0,0.0,0.0,0,0,0.0,0,0,0,0.0,75,MID
Stefan,Ortega Moreno,Man City,0,0,4,172,3,0.0,43.0,0.0,0,25,4.3,0,0,0,0.7,38,GLK
Máximo,Perrone,Man City,0,0,0,0,0,0.0,0.0,0.0,0,0,0.0,0,0,0,0.0,44,MID
Rodrigo,Hernandez,Man City,5,4,77,1536,18,413.8,517.8,270.0,9,358,120.1,6,1,7,5.2,56,MID
Sergio,Gómez,Man City,0,1,6,18,1,14.9,19.6,4.0,0,19,3.9,0,0,0,0.8,38,DEF
Zack,Steffen,Man City,0,0,0,0,0,0.0,0.0,0.0,0,0,0.0,0,0,0,0.2,39,GLK
John,Stones,Man City,0,0,21,500,5,52.8,76.8,8.0,0,109,13.8,2,0,1,2.6,53,DEF
Kyle,Walker,Man City,0,2,65,1777,23,351.5,274.6,74.0,6,372,70.0,5,0,1,17.8,55,DEF
Matheus Luiz,Nunes,Man City,0,2,21,562,11,136.2,119.6,78.0,1,87,33.4,1,1,0,0.1,48,MID
Joško,Gvardiol,Man City,0,0,42,1382,17,191.5,235.0,149.0,1,261,57.6,4,0,2,3.3,48,DEF
Jérémy,Doku,Man City,2,5,52,864,14,355.8,306.0,383.0,9,224,104.6,0,0,3,2.4,65,MID
Mahamadou,Susoho,Man City,0,0,0,0,0,0.0,0.0,0.0,0,0,0.0,0,0,0,0.0,45,MID
Micah,Hamilton,Man City,0,0,0,0,0,0.0,0.0,0.0,0,0,0.0,0,0,0,0.0,45,MID
Mason,Mount,Man Utd,0,0,12,397,6,86.3,53.0,40.0,0,51,18.0,1,0,1,0.8,68,MID
Alex,Telles,Man Utd,0,0,0,0,0,0.0,0.0,0.0,0,0,0.0,0,0,0,0.0,45,DEF
Amad,Diallo,Man Utd,0,0,1,36,2,12.5,7.4,23.0,0,7,4.3,0,0,0,0.0,44,MID
Antony Matheus,dos Santos,Man Utd,0,0,29,920,12,232.2,129.8,176.0,0,113,53.4,3,0,3,0.6,68,MID
Bruno,Borges Fernandes,Man Utd,3,5,81,1980,32,927.0,539.6,373.0,10,372,183.9,6,0,7,10.4,82,MID
Brandon,Williams,Man Utd,0,0,0,0,0,0.0,0.0,0.0,0,0,0.0,0,0,0,0.1,40,DEF
Eric,Bailly,Man Utd,0,0,0,0,0,0.0,0.0,0.0,0,0,0.0,0,0,0,0.1,40,DEF
Carlos Henrique,Casimiro,Man Utd,1,1,28,810,12,130.3,224.2,162.0,0,122,51.6,3,0,2,2.0,53,MID
Diogo,Dalot Teixeira,Man Utd,1,1,66,1824,29,337.7,405.6,113.0,8,385,85.8,6,1,4,3.3,51,DEF
Christian,Eriksen,Man Utd,1,1,34,845,18,223.0,180.8,79.0,4,169,48.4,1,0,1,0.4,58,MID
Álvaro,Fernández Carreras,Man Utd,0,0,0,0,0,0.0,0.0,0.0,0,0,0.0,0,0,0,0.1,40,DEF
Frederico,Rodrigues de Paula Santos,Man Utd,0,0,0,0,0,0.0,0.0,0.0,0,0,0.0,0,0,0,0.0,50,MID
Alejandro,Garnacho,Man Utd,5,2,74,1332,19,367.2,324.0,523.0,5,213,121.0,6,0,4,5.5,48,MID
Hannibal,Mejbri,Man Utd,1,0,11,131,1,29.8,48.2,13.0,0,34,9.0,1,0,1,0.1,43,MID
Tom,Heaton,Man Utd,0,0,0,0,0,0.0,0.0,0.0,0,0,0.0,0,0,0,0.1,40,GLK
Victor,Lindelöf,Man Utd,1,1,43,900,10,94.8,199.4,40.0,3,203,33.5,3,0,1,0.3,45,DEF
Harry,Maguire,Man Utd,0,2,43,930,13,39.9,242.8,62.0,2,203,34.6,4,0,1,1.0,42,DEF
Kobbie,Mainoo,Man Utd,1,0,27,689,10,37.6,149.8,36.0,3,111,22.5,3,0,1,0.4,44,MID
Tyrell,Malacia,Man Utd,0,0,0,0,0,0.0,0.0,0.0,0,0,0.0,0,0,0,0.0,43,DEF
Anthony,Martial,Man Utd,1,1,25,439,6,85.0,67.2,97.0,2,73,24.5,1,0,0,0.3,64,FWD
Lisandro,Martínez,Man Utd,0,1,12,557,10,44.9,129.6,2.0,0,116,17.6,1,0,3,2.3,47,DEF
Scott,McTominay,Man Utd,6,1,75,1185,18,100.4,411.2,394.0,5,241,90.7,5,0,0,1.3,46,MID
Facundo,Pellistri Rebollo,Man Utd,0,1,13,164,2,19.3,47.0,66.0,0,36,13.3,0,0,0,0.2,42,MID
Raphaël,Varane,Man Utd,1,0,31,809,14,30.2,214.6,78.0,2,185,32.3,2,0,1,2.2,49,DEF
Marcus,Rashford,Man Utd,5,3,77,1568,26,253.1,321.8,512.0,0,224,108.5,5,0,2,11.3,84,MID
Jadon,Sancho,Man Utd,0,0,3,76,1,14.8,9.8,12.0,0,11,3.6,0,0,0,0.4,67,MID
Luke,Shaw,Man Utd,0,1,30,870,12,184.1,190.0,29.0,0,190,40.3,4,0,5,3.4,52,DEF
Shola,Shoretire,Man Utd,0,0,0,0,0,0.0,0.0,0.0,0,0,0.0,0,0,0,0.2,44,FWD
Donny,van de Beek,Man Utd,0,0,1,2,0,10.3,0.0,6.0,0,3,1.6,0,0,0,0.0,47,MID
Aaron,Wan-Bissaka,Man Utd,0,1,29,882,15,85.3,210.4,33.0,5,188,33.0,2,0,3,1.9,44,DEF
André,Onana,Man Utd,0,0,83,2070,32,20.2,635.2,0.0,6,443,65.7,7,0,4,11.7,48,GLK
Rasmus,Højlund,Man Utd,4,2,59,1288,18,189.2,224.8,382.0,7,167,79.4,5,0,2,5.0,69,FWD
Omari,Forson,Man Utd,0,1,4,4,1,10.5,17.2,0.0,0,13,2.8,0,0,0,0.0,44,MID
Radek,Vítek,Man Utd,0,0,0,0,0,0.0,0.0,0.0,0,0,0.0,0,0,0,0.0,40,GLK
Daniel,Gore,Man Utd,0,0,1,1,0,0.0,3.0,0.0,0,5,0.3,0,0,0,0.0,45,MID
Altay,Bayindir,Man Utd,0,0,0,0,0,0.0,0.0,0.0,0,0,0.0,0,0,0,0.1,40,GLK
Jonny,Evans,Man Utd,0,1,34,882,16,56.3,174.2,19.0,3,188,25.1,3,0,2,0.9,40,DEF
Sofyan,Amrabat,Man Utd,0,0,14,610,8,65.8,100.0,4.0,0,76,17.1,1,0,3,0.1,50,MID
Joe,Hugill,Man Utd,0,0,0,0,0,0.0,0.0,0.0,0,0,0.0,0,0,0,0.0,45,FWD
Willy,Kambwala,Man Utd,0,0,2,84,2,1.4,18.0,0.0,0,13,1.9,0,0,0,0.0,39,DEF
Rhys,Bennett,Man Utd,0,0,0,0,0,0.0,0.0,0.0,0,0,0.0,0,0,0,0.0,40,DEF
Lewis,Hall,Newcastle,0,0,7,104,3,4.4,29.2,17.0,0,28,5.0,0,0,1,0.1,43,DEF
Miguel,Almirón Rejala,Newcastle,3,1,65,1535,29,302.9,272.0,325.0,4,240,89.7,5,0,1,3.7,62,MID
Elliot,Anderson,Newcastle,0,1,19,407,5,88.8,83.2,85.0,0,65,25.7,3,0,0,1.5,42,MID
Harrison,Ashby,Newcastle,0,0,0,0,0,0.0,0.0,0.0,0,0,0.0,0,0,0,0.0,40,DEF
Sven,Botman,Newcastle,2,1,42,943,18,49.2,265.2,91.0,4,219,40.6,2,0,1,5.9,45,DEF
Bruno,Guimarães Rodriguez Moura,Newcastle,1,4,63,1942,35,507.7,423.2,242.0,3,327,117.5,7,0,8,2.1,58,MID
Dan,Burn,Newcastle,2,1,59,1490,25,84.0,361.4,196.0,2,270,64.2,5,0,3,5.1,44,DEF
Karl,Darlow,Newcastle,0,0,0,0,0,0.0,0.0,0.0,0,0,0.0,0,0,0,0.0,40,GLK
Martin,Dubravka,Newcastle,0,0,32,814,23,10.0,357.8,0.0,1,199,36.8,1,0,1,8.9,42,GLK
Ryan,Fraser,Newcastle,0,0,0,0,0,0.0,0.0,0.0,0,0,0.0,0,0,0,0.0,49,MID
Mark,Gillespie,Newcastle,0,0,0,0,0,0.0,0.0,0.0,0,0,0.0,0,0,0,0.1,39,GLK
Anthony,Gordon,Newcastle,7,8,109,1796,29,351.2,476.2,554.0,8,341,137.7,8,0,8,22.5,62,MID
Isaac,Hayden,Newcastle,0,0,0,0,0,0.0,0.0,0.0,0,0,0.0,0,0,0,0.0,44,MID
Jeff,Hendrick,Newcastle,0,0,0,0,0,0.0,0.0,0.0,0,0,0.0,0,0,0,0.0,44,MID
Alexander,Isak,Newcastle,10,0,79,1178,23,166.5,402.4,537.0,9,302,110.4,3,0,0,14.2,76,FWD
Joelinton Cássio,Apolinário de Lira,Newcastle,2,1,41,1133,19,248.8,247.8,165.0,3,180,66.1,3,0,5,0.4,58,MID
Emil,Krafth,Newcastle,0,0,11,83,1,62.8,28.8,5.0,1,46,9.6,1,0,0,0.0,44,DEF
Garang,Kuol,Newcastle,0,0,0,0,0,0.0,0.0,0.0,0,0,0.0,0,0,0,0.0,45,MID
Jamaal,Lascelles,Newcastle,1,0,44,1044,15,34.9,231.6,69.0,3,206,33.6,5,0,4,3.7,41,DEF
Jamal,Lewis,Newcastle,0,0,0,0,0,0.0,0.0,0.0,0,0,0.0,0,0,0,0.0,40,DEF
Sean,Longstaff,Newcastle,4,3,66,1444,27,195.7,329.4,256.0,1,256,78.4,6,0,5,0.4,48,MID
Javier,Manquillo Gaitán,Newcastle,0,0,0,0,0,0.0,0.0,0.0,0,0,0.0,0,0,0,0.0,40,DEF
Jacob,Murphy,Newcastle,1,4,30,299,6,84.7,111.8,100.0,3,98,29.5,1,0,1,0.1,48,MID
Nick,Pope,Newcastle,0,0,56,1255,14,0.0,297.4,4.0,1,268,30.1,6,0,0,5.4,53,GLK
Matt,Ritchie,Newcastle,0,0,6,103,4,5.2,18.6,52.0,0,16,7.6,0,0,1,0.2,43,MID
Allan,Saint-Maximin,Newcastle,0,0,0,0,0,0.0,0.0,0.0,0,0,0.0,0,0,0,0.0,60,MID
Fabian,Schär,Newcastle,2,1,74,1993,37,94.0,531.6,196.0,7,415,82.3,6,0,3,7.4,53,DEF
Matt,Targett,Newcastle,0,0,2,77,4,11.9,9.2,0.0,0,15,2.2,0,0,1,0.1,42,DEF
Sandro,Tonali,Newcastle,1,0,16,437,5,105.0,81.8,50.0,0,86,23.8,1,0,2,1.1,52,MID
Kieran,Trippier,Newcastle,1,9,102,1842,33,922.4,636.0,90.0,20,524,164.8,6,0,5,40.0,68,DEF
Kell,Watts,Newcastle,0,0,0,0,0,0.0,0.0,0.0,0,0,0.0,0,0,0,0.1,40,DEF
Joe,Willock,Newcastle,0,0,4,136,2,27.7,23.4,47.0,0,23,9.8,0,0,0,0.1,53,MID
Callum,Wilson,Newcastle,7,1,56,765,12,96.4,291.2,462.0,4,190,84.3,5,0,1,3.1,78,FWD
Loris,Karius,Newcastle,0,0,0,0,0,0.0,0.0,0.0,0,0,0.0,0,0,0,0.2,39,GLK
Paul,Dummett,Newcastle,0,0,1,4,0,0.2,3.0,0.0,0,3,0.3,0,0,0,0.3,39,DEF
Harvey,Barnes,Newcastle,2,1,23,210,2,32.1,95.4,84.0,2,70,21.1,1,0,1,1.0,62,MID
Tino,Livramento,Newcastle,0,0,28,737,14,91.5,147.2,29.0,4,141,26.9,2,0,1,1.0,42,DEF
Alex,Murphy,Newcastle,0,0,1,3,0,0.1,0.2,0.0,0,2,0.0,0,0,0,0.4,39,DEF
Lewis,Miley,Newcastle,1,2,33,912,21,155.0,170.8,132.0,1,169,45.8,1,0,1,0.2,45,MID
Amadou,Diallo,Newcastle,0,0,1,1,0,0.0,0.0,0.0,0,3,0.0,0,0,0,0.0,45,MID
Ben,Parkinson,Newcastle,0,0,1,24,1,0.0,2.0,0.0,0,2,0.2,0,0,0,0.0,45,FWD
Michael,Ndiweni,Newcastle,0,0,1,1,0,0.0,0.2,0.0,0,3,0.0,0,0,0,0.0,44,FWD
Joe,White,Newcastle,0,0,0,0,0,0.0,0.0,0.0,0,0,0.0,0,0,0,0.0,45,MID
Travis,Hernes,Newcastle,0,0,0,0,0,0.0,0.0,0.0,0,0,0.0,0,0,0,0.0,45,MID
Nuno,Varela Tavares,Nott'm Forest,0,0,3,273,6,16.8,31.2,17.0,0,30,6.5,0,0,2,0.2,40,DEF
Matt,Turner,Nott'm Forest,0,0,42,1530,28,0.0,379.6,0.0,0,281,37.9,2,0,1,12.0,39,GLK
Callum,Hudson-Odoi,Nott'm Forest,2,2,42,684,16,174.6,159.4,89.0,6,129,42.4,1,0,0,0.1,47,MID
Anthony,Elanga,Nott'm Forest,4,6,79,1447,27,273.7,374.2,427.0,4,261,107.2,1,0,1,1.3,51,MID
Brandon,Aguilera Zamora,Nott'm Forest,0,0,1,4,0,1.6,0.0,0.0,0,0,0.0,0,0,0,0.0,45,MID
Harry,Arter,Nott'm Forest,0,0,0,0,0,0.0,0.0,0.0,0,0,0.0,0,0,0,0.1,43,MID
Serge,Aurier,Nott'm Forest,0,2,27,831,15,84.8,187.6,45.0,3,137,31.8,1,0,2,0.7,45,DEF
Taiwo,Awoniyi,Nott'm Forest,5,2,49,799,14,113.1,239.8,229.0,3,182,58.0,2,0,1,1.4,63,FWD
Giulian,Biancone,Nott'm Forest,0,0,0,0,0,0.0,0.0,0.0,0,0,0.0,0,0,0,0.1,39,DEF
Willy,Boly,Nott'm Forest,1,0,37,994,18,59.1,317.8,161.0,3,192,53.9,3,1,1,0.4,45,DEF
Josh,Bowler,Nott'm Forest,0,0,0,0,0,0.0,0.0,0.0,0,0,0.0,0,0,0,0.0,45,MID
Steve,Cook,Nott'm Forest,0,0,0,0,0,0.0,0.0,0.0,0,0,0.0,0,0,0,0.0,45,DEF
Danilo,dos Santos de Oliveira,Nott'm Forest,1,0,29,855,21,59.0,125.0,40.0,2,122,22.3,0,0,2,0.1,53,MID
Emmanuel,Dennis,Nott'm Forest,0,0,0,0,0,0.0,0.0,0.0,0,0,0.0,0,0,0,0.1,48,FWD
Mohamed,Dräger,Nott'm Forest,0,0,0,0,0,0.0,0.0,0.0,0,0,0.0,0,0,0,0.1,40,DEF
Felipe Augusto,de Almeida Monteiro,Nott'm Forest,0,0,1,132,5,11.3,25.8,12.0,0,25,4.9,0,0,1,0.0,44,DEF
Remo,Freuler,Nott'm Forest,0,0,0,0,0,0.0,0.0,0.0,0,0,0.0,0,0,0,0.0,49,MID
Morgan,Gibbs-White,Nott'm Forest,2,5,70,1866,34,592.3,331.2,289.0,4,281,121.3,3,0,4,1.3,57,MID
Wayne,Hennessey,Nott'm Forest,0,0,0,0,0,0.0,0.0,0.0,0,0,0.0,0,0,0,0.2,40,GLK
Ethan,Horvath,Nott'm Forest,0,0,0,0,0,0.0,0.0,0.0,0,0,0.0,0,0,0,0.1,43,GLK
Cheikhou,Kouyaté,Nott'm Forest,0,0,10,201,6,14.2,36.0,19.0,0,30,7.0,0,0,2,0.0,48,MID
Richie,Laryea,Nott'm Forest,0,0,0,0,0,0.0,0.0,0.0,0,0,0.0,0,0,0,0.0,45,DEF
Orel,Mangala,Nott'm Forest,1,0,40,1562,31,108.7,208.0,44.0,0,186,36.0,3,0,6,0.0,50,MID
Loïc,Mbe Soh,Nott'm Forest,0,0,0,0,0,0.0,0.0,0.0,0,0,0.0,0,0,0,0.0,40,DEF
Scott,McKenna,Nott'm Forest,0,0,12,416,6,32.4,89.0,17.0,1,64,13.8,1,0,0,0.1,44,DEF
Alex,Mighten,Nott'm Forest,0,0,0,0,0,0.0,0.0,0.0,0,0,0.0,0,0,0,0.0,44,MID
Moussa,Niakhaté,Nott'm Forest,0,0,18,977,22,46.6,188.8,22.0,1,158,25.7,1,1,2,0.1,45,DEF
Lewis,O'Brien,Nott'm Forest,0,0,0,0,0,0.0,0.0,0.0,0,0,0.0,0,0,0,0.0,49,MID
Braian,Ojeda Rodríguez,Nott'm Forest,0,0,0,0,0,0.0,0.0,0.0,0,0,0.0,0,0,0,0.0,45,MID
Jonathan,Panzo,Nott'm Forest,0,0,0,0,0,0.0,0.0,0.0,0,0,0.0,0,0,0,0.1,40,DEF
Omar,Richards,Nott'm Forest,0,0,0,0,0,0.0,0.0,0.0,0,0,0.0,0,0,0,0.0,44,DEF
Gustavo Henrique,Furtado Scarpa,Nott'm Forest,0,0,0,0,0,0.0,0.0,0.0,0,0,0.0,0,0,0,0.0,45,MID
Jonjo,Shelvey,Nott'm Forest,0,0,0,0,0,0.0,0.0,0.0,0,0,0.0,0,0,0,0.0,48,MID
Sam,Surridge,Nott'm Forest,0,0,0,0,0,0.0,0.0,0.0,0,0,0.0,0,0,0,0.1,45,FWD
Harry,Toffolo,Nott'm Forest,1,3,41,1009,22,248.5,285.8,163.0,3,202,69.6,2,0,2,0.1,44,DEF
Hwang,Ui-jo,Nott'm Forest,0,0,0,0,0,0.0,0.0,0.0,0,0,0.0,0,0,0,0.3,44,FWD
Neco,Williams,Nott'm Forest,0,1,21,610,13,117.2,203.8,44.0,2,101,36.5,0,0,1,0.2,43,DEF
Chris,Wood,Nott'm Forest,8,1,75,863,17,189.8,358.8,381.0,12,293,92.8,1,0,0,1.5,49,FWD
Joe,Worrall,Nott'm Forest,0,0,13,438,9,22.1,90.0,18.0,3,74,13.0,1,1,0,0.1,43,DEF
Ryan,Yates,Nott'm Forest,0,0,28,1066,23,63.2,171.0,155.0,1,110,38.7,1,0,4,0.0,48,MID
Olu,Aina,Nott'm Forest,1,1,34,987,24,75.7,186.2,26.0,2,162,28.8,2,0,3,0.2,45,DEF
George,Shelvey,Nott'm Forest,0,0,0,0,0,0.0,0.0,0.0,0,0,0.0,0,0,0,0.0,39,GLK
Josh,Powell,Nott'm Forest,0,0,0,0,0,0.0,0.0,0.0,0,0,0.0,0,0,0,0.1,39,DEF
Gonzalo,Montiel,Nott'm Forest,0,2,20,495,7,67.7,130.8,17.0,3,110,21.7,1,0,4,0.1,44,DEF
Murillo,Santiago Costa dos Santos,Nott'm Forest,0,1,34,1502,31,76.4,402.4,95.0,1,270,57.4,2,0,2,0.1,45,DEF
Odysseas,Vlachodimos,Nott'm Forest,0,0,12,450,12,10.0,101.8,0.0,0,79,11.2,1,0,0,0.1,45,GLK
Andrew,Omobamidele,Nott'm Forest,0,0,3,270,6,11.6,58.8,2.0,0,37,7.2,0,0,1,0.0,45,DEF
Nicolás,Domínguez,Nott'm Forest,2,0,43,961,16,91.3,222.4,144.0,5,157,46.0,4,0,1,0.0,50,MID
Ibrahim,Sangaré,Nott'm Forest,0,0,19,820,13,95.6,133.2,36.0,0,66,26.5,4,0,5,0.0,49,MID
Divock,Origi,Nott'm Forest,0,0,8,176,3,27.9,10.6,24.0,0,21,5.8,0,0,1,0.1,50,FWD
Jamie,McDonnell,Nott'm Forest,0,0,0,0,0,0.0,0.0,0.0,0,0,0.0,0,0,0,0.0,45,MID
Detlef Esapa,Osong,Nott'm Forest,0,0,0,0,0,0.0,0.0,0.0,0,0,0.0,0,0,0,0.0,45,FWD
Joe,Gardner,Nott'm Forest,0,0,0,0,0,0.0,0.0,0.0,0,0,0.0,0,0,0,0.0,45,FWD
Giovanni,Reyna,Nott'm Forest,0,0,1,12,0,6.1,2.4,0.0,0,5,0.9,0,0,0,0.0,50,MID
Matz,Sels,Nott'm Forest,0,0,2,90,1,0.0,3.2,0.0,0,8,0.3,0,0,0,0.0,45,GLK
Rodrigo,Duarte Ribeiro,Nott'm Forest,0,0,1,1,0,0.5,1.0,0.0,0,3,0.2,0,0,0,0.0,45,FWD
Auston,Trusty,Sheffield Utd,0,0,19,1441,41,56.7,290.8,54.0,0,192,40.2,1,0,4,2.2,39,DEF
Cameron,Archer,Sheffield Utd,3,2,59,1369,35,229.8,198.2,246.0,8,181,67.5,2,0,2,5.7,43,FWD
Mason,Holgate,Sheffield Utd,0,0,0,90,5,0.8,10.4,12.0,0,6,2.3,0,0,0,0.4,40,DEF
James,McAtee,Sheffield Utd,2,3,52,1253,42,255.3,222.4,194.0,0,169,67.2,2,0,2,0.7,44,MID
Anel,Ahmedhodžić,Sheffield Utd,1,0,21,1485,45,23.6,301.2,138.0,4,187,46.5,1,0,7,0.2,43,DEF
Jordan,Amissah,Sheffield Utd,0,0,0,0,0,0.0,0.0,0.0,0,0,0.0,0,0,0,0.3,39,GLK
George,Baldock,Sheffield Utd,0,2,19,833,18,92.0,159.2,19.0,2,104,26.9,0,0,4,5.6,38,DEF
Chris,Basham,Sheffield Utd,0,0,8,316,6,27.4,69.2,14.0,0,35,11.1,0,0,1,0.4,39,DEF
Jayden,Bogle,Sheffield Utd,1,2,33,1487,39,118.5,243.6,128.0,0,180,48.9,2,0,7,0.1,45,DEF
Rhian,Brewster,Sheffield Utd,0,0,5,200,5,15.2,14.4,27.0,0,9,5.8,0,1,0,0.0,49,FWD
Ismaila,Coulibaly,Sheffield Utd,0,0,0,0,0,0.0,0.0,0.0,0,0,0.0,0,0,0,0.0,44,MID
Adam,Davies,Sheffield Utd,0,0,0,0,0,0.0,0.0,0.0,0,0,0.0,0,0,0,0.2,40,GLK
John,Egan,Sheffield Utd,0,0,1,482,17,1.4,91.2,38.0,0,54,13.1,0,0,2,0.1,43,DEF
John,Fleck,Sheffield Utd,0,0,3,89,5,26.0,5.4,2.0,0,13,3.3,0,0,1,0.0,49,MID
Wes,Foderingham,Sheffield Utd,0,0,53,2018,57,0.0,681.2,0.0,7,390,68.2,1,0,2,0.3,45,GLK
Daniel,Jebbison,Sheffield Utd,0,0,0,0,0,0.0,0.0,0.0,0,0,0.0,0,0,0,0.0,48,FWD
Max,Lowe,Sheffield Utd,0,0,6,310,8,18.1,61.6,18.0,0,23,9.7,0,0,1,0.0,43,DEF
Oliver,McBurnie,Sheffield Utd,4,2,40,785,26,119.3,248.8,293.0,5,134,66.1,0,2,1,0.1,54,FWD
Iliman,Ndiaye,Sheffield Utd,0,0,0,0,0,0.0,0.0,0.0,0,0,0.0,0,0,0,0.0,55,FWD
Rhys,Norrington-Davies,Sheffield Utd,0,0,1,105,6,11.7,8.2,2.0,0,9,2.0,0,0,1,0.2,39,DEF
Oliver,Norwood,Sheffield Utd,1,0,35,1273,37,250.6,270.4,80.0,3,193,60.1,0,0,6,0.0,48,MID
Ben,Osborn,Sheffield Utd,0,0,10,348,5,64.6,44.6,11.0,0,41,11.8,0,0,2,0.0,48,MID
William,Osula,Sheffield Utd,0,1,18,632,16,23.0,19.8,178.0,0,15,21.4,0,0,4,1.1,43,FWD
Jack,Robinson,Sheffield Utd,0,1,20,1870,52,74.0,364.8,97.0,1,250,53.8,1,0,7,0.1,43,DEF
Anis,Slimane,Sheffield Utd,0,0,10,359,12,44.0,32.6,58.0,0,17,13.5,1,0,2,0.0,47,MID
Yasser,Larouci,Sheffield Utd,0,0,5,284,7,14.1,58.8,33.0,0,38,10.6,0,0,1,0.0,43,DEF
Bénie,Traoré,Sheffield Utd,0,0,11,383,13,56.7,25.8,31.0,0,14,11.2,0,0,0,0.0,51,FWD
Vini,de Souza Costa,Sheffield Utd,0,0,40,1770,50,61.8,329.0,71.0,1,223,46.2,1,0,2,0.0,50,MID
Femi,Seriki,Sheffield Utd,0,0,0,0,0,0.0,0.0,0.0,0,0,0.0,0,0,0,0.1,39,DEF
Louie,Marsh,Sheffield Utd,0,0,0,0,0,0.0,0.0,0.0,0,0,0.0,0,0,0,0.0,45,FWD
Andre,Brooks,Sheffield Utd,0,0,15,575,14,30.3,50.4,44.0,0,51,12.6,1,0,1,0.0,44,MID
Antwoine,Hackford,Sheffield Utd,0,0,2,11,1,0.3,0.0,0.0,0,5,0.0,0,0,0,0.1,44,FWD
Gustavo,Hamer,Sheffield Utd,2,3,58,1655,41,480.0,305.0,158.0,3,251,94.2,2,0,6,0.2,50,MID
Tom,Davies,Sheffield Utd,0,0,3,75,5,16.6,8.8,13.0,0,3,3.9,0,0,1,0.0,50,MID
Luke,Thomas,Sheffield Utd,0,0,7,916,29,53.9,127.8,64.0,0,80,24.7,0,0,3,0.1,40,DEF
Ryan,Oné,Sheffield Utd,0,0,1,7,2,0.3,0.0,0.0,0,3,0.0,0,0,0,0.0,44,MID
Jili,Buyabu,Sheffield Utd,0,0,0,0,0,0.0,0.0,0.0,0,0,0.0,0,0,0,0.0,40,DEF
Sydie,Peck,Sheffield Utd,0,0,1,9,0,0.1,0.0,0.0,0,3,0.0,0,0,0,0.0,44,MID
Ben,Brereton,Sheffield Utd,2,0,16,175,8,13.8,77.0,79.0,1,45,17.0,0,0,0,0.2,50,MID
Ivo,Grbic,Sheffield Utd,0,0,0,51,2,0.0,1.2,0.0,0,4,0.1,0,0,0,0.0,45,GLK
Brennan,Johnson,Spurs,2,5,64,1269,23,305.0,258.2,390.0,3,200,95.3,3,0,1,0.7,58,MID
Brandon,Austin,Spurs,0,0,0,0,0,0.0,0.0,0.0,0,0,0.0,0,0,0,0.2,39,GLK
Rodrigo,Bentancur,Spurs,1,0,13,343,10,47.6,81.0,64.0,0,51,19.0,0,0,2,0.0,54,MID
Yves,Bissouma,Spurs,0,0,24,1211,17,159.9,253.2,120.0,0,167,53.4,6,2,5,0.3,50,MID
Bryan,Gil Salvatierra,Spurs,0,0,11,188,11,53.3,25.6,58.0,0,39,13.8,0,0,0,0.0,49,MID
Ben,Davies,Spurs,1,1,29,898,16,41.0,266.6,77.0,0,182,38.7,1,0,1,0.4,43,DEF
Eric,Dier,Spurs,0,0,2,199,8,1.0,55.8,4.0,0,31,6.0,0,0,0,0.4,42,DEF
Emerson,Leite de Souza Junior,Spurs,1,0,23,778,20,64.6,234.0,35.0,4,168,33.6,0,0,3,0.8,43,DEF
Fraser,Forster,Spurs,0,0,0,0,0,0.0,0.0,0.0,0,0,0.0,0,0,0,1.9,38,GLK
Pierre-Emile,Højbjerg,Spurs,0,0,26,952,22,115.9,202.6,69.0,0,152,38.8,1,0,3,0.3,52,MID
Harry,Kane,Spurs,0,0,0,0,0,0.0,0.0,0.0,0,0,0.0,0,0,0,0.6,125,FWD
Dejan,Kulusevski,Spurs,5,2,81,1787,26,637.1,427.8,608.0,9,286,167.1,6,0,6,3.1,70,MID
Hugo,Lloris,Spurs,0,0,0,0,0,0.0,0.0,0.0,0,0,0.0,0,0,0,0.6,47,GLK
Giovani,Lo Celso,Spurs,2,2,36,408,10,157.0,180.4,75.0,6,140,41.3,1,0,1,0.1,48,MID
James,Maddison,Spurs,3,8,75,1054,11,509.7,379.8,355.0,8,274,124.4,5,0,2,10.9,79,MID
Tanguy,Ndombélé Alvaro,Spurs,0,0,0,0,0,0.0,0.0,0.0,0,0,0.0,0,0,0,0.2,44,MID
Pedro,Porro,Spurs,0,8,85,1977,33,649.7,561.2,210.0,13,495,142.2,5,0,3,34.3,59,DEF
Ivan,Perišić,Spurs,0,1,6,98,1,71.2,41.6,27.0,0,34,14.0,0,0,2,0.8,47,DEF
Richarlison,de Andrade,Spurs,10,3,103,1181,14,171.0,490.8,608.0,7,251,126.8,7,0,3,15.5,72,MID
Joe,Rodon,Spurs,0,0,0,0,0,0.0,0.0,0.0,0,0,0.0,0,0,0,0.1,40,DEF
Cristian,Romero,Spurs,3,0,65,1440,20,95.3,450.2,105.0,11,337,65.3,5,1,4,7.0,49,DEF
Davinson,Sánchez,Spurs,0,0,0,76,2,5.0,17.0,4.0,0,9,2.6,0,0,1,0.1,44,DEF
Pape Matar,Sarr,Spurs,2,2,54,1190,11,246.7,278.2,235.0,2,254,76.4,7,0,4,1.5,44,MID
Ryan,Sessegnon,Spurs,0,0,0,0,0,0.0,0.0,0.0,0,0,0.0,0,0,0,0.0,44,DEF
Oliver,Skipp,Spurs,0,0,18,569,15,117.3,76.6,56.0,0,87,24.7,0,0,2,0.1,45,MID
Son,Heung-min,Spurs,12,5,136,1690,27,486.3,631.8,685.0,18,442,180.2,6,0,1,15.3,96,MID
Djed,Spence,Spurs,0,0,0,0,0,0.0,0.0,0.0,0,0,0.0,0,0,0,0.2,40,DEF
Japhet,Tanganga,Spurs,0,0,0,0,0,0.0,0.0,0.0,0,0,0.0,0,0,0,0.3,40,DEF
Destiny,Udogie,Spurs,2,3,62,1682,31,277.0,435.4,238.0,8,295,95.1,4,1,5,10.4,48,DEF
Guglielmo,Vicario,Spurs,0,0,74,2070,35,0.0,620.2,0.0,7,446,62.1,5,0,2,8.9,53,GLK
Alfie,Whiteman,Spurs,0,0,0,0,0,0.0,0.0,0.0,0,0,0.0,0,0,0,0.2,39,GLK
Manor,Solomon,Spurs,0,2,14,196,2,144.3,73.4,61.0,2,53,28.0,0,0,1,0.1,51,MID
Micky,van de Ven,Spurs,1,0,46,1213,16,18.3,268.2,34.0,4,276,32.1,4,0,1,1.4,44,DEF
Dane,Scarlett,Spurs,0,0,0,0,0,0.0,0.0,0.0,0,0,0.0,0,0,0,0.1,45,FWD
Alejo,Véliz,Spurs,1,0,11,45,2,0.9,35.2,29.0,0,40,6.5,0,0,1,0.1,54,FWD
Ashley,Phillips,Spurs,0,0,0,0,0,0.0,0.0,0.0,0,0,0.0,0,0,0,0.1,40,DEF
Jamie,Donley,Spurs,0,0,2,3,1,0.0,3.0,0.0,0,3,0.3,0,0,1,0.0,45,FWD
Alfie,Dorrington,Spurs,0,0,0,0,0,0.0,0.0,0.0,0,0,0.0,0,0,0,0.0,40,DEF
Yago,de Santiago Alonso,Spurs,0,0,0,0,0,0.0,0.0,0.0,0,0,0.0,0,0,0,0.0,45,MID
Timo,Werner,Spurs,0,2,12,254,5,67.2,43.0,68.0,0,47,17.8,0,0,0,1.0,65,FWD
Radu,Dragusin,Spurs,0,0,3,8,1,0.3,6.4,0.0,0,10,0.7,0,0,0,0.0,44,DEF
Kalvin,Phillips,West Ham,0,0,7,174,4,14.7,25.2,14.0,0,18,5.4,0,0,0,0.1,47,MID
Nayef,Aguerd,West Ham,1,0,34,1506,32,43.4,360.0,128.0,0,230,53.3,2,1,1,0.6,44,DEF
Michail,Antonio,West Ham,2,2,38,812,13,86.9,142.8,138.0,4,116,36.4,4,0,2,1.7,57,FWD
Alphonse,Areola,West Ham,0,0,81,1755,27,0.0,575.4,0.0,8,376,57.6,4,0,0,36.5,42,GLK
Saïd,Benrahma,West Ham,0,1,20,611,8,164.9,85.4,196.0,0,64,44.6,2,0,1,0.4,56,MID
Jarrod,Bowen,West Ham,11,2,116,1977,35,233.0,569.4,794.0,8,322,159.2,5,0,2,24.0,80,MID
Maxwel,Cornet,West Ham,1,0,10,89,2,33.7,41.8,50.0,0,31,12.5,0,0,0,0.1,52,MID
Vladimír,Coufal,West Ham,0,5,61,1867,34,323.0,429.2,38.0,6,345,79.2,4,1,4,2.7,46,DEF
Conor,Coventry,West Ham,0,0,0,0,0,0.0,0.0,0.0,0,0,0.0,0,0,0,0.1,43,MID
Aaron,Cresswell,West Ham,0,0,2,130,4,22.1,15.2,0.0,0,20,3.8,0,0,1,0.3,42,DEF
Flynn,Downes,West Ham,0,0,0,0,0,0.0,0.0,0.0,0,0,0.0,0,0,0,0.0,50,MID
Emerson,Palmieri dos Santos,West Ham,0,2,58,1935,32,227.3,363.4,121.0,6,335,71.2,5,0,7,2.8,45,DEF
Lukasz,Fabianski,West Ham,0,0,13,316,9,0.0,84.8,0.0,1,69,8.5,1,0,0,1.3,42,GLK
Pablo,Fornals Malla,West Ham,0,0,19,418,9,75.5,64.2,79.0,0,68,21.9,1,0,0,0.1,46,MID
Danny,Ings,West Ham,0,2,21,244,6,57.2,42.2,69.0,2,60,16.8,0,0,1,0.7,56,FWD
Ben,Johnson,West Ham,0,0,10,291,5,14.2,42.8,19.0,0,52,7.7,1,0,1,0.1,44,DEF
Thilo,Kehrer,West Ham,0,0,2,19,1,0.7,8.6,0.0,0,7,0.9,0,0,2,0.1,42,DEF
Divin,Mubama,West Ham,0,0,5,75,2,2.4,0.2,5.0,0,14,0.8,0,0,0,4.5,42,FWD
Lucas,Tolentino Coelho de Lima,West Ham,2,5,63,1517,24,419.7,347.6,169.0,5,260,93.6,4,0,6,1.4,60,MID
Gianluca,Scamacca,West Ham,0,0,0,0,0,0.0,0.0,0.0,0,0,0.0,0,0,0,0.0,60,FWD
Tomáš,Souček,West Ham,5,1,77,1776,29,112.5,429.6,352.0,5,278,89.2,5,0,3,1.4,49,MID
Nikola,Vlašić,West Ham,0,0,0,0,0,0.0,0.0,0.0,0,0,0.0,0,0,0,0.0,45,MID
Kurt,Zouma,West Ham,1,0,48,1683,31,29.8,342.8,136.0,4,272,50.8,3,0,2,1.5,45,DEF
Angelo,Ogbonna,West Ham,0,0,17,318,2,0.7,82.2,0.0,0,70,8.3,2,0,0,0.1,43,DEF
Edson,Álvarez Velázquez,West Ham,0,1,39,1517,22,109.9,305.2,49.0,1,214,46.3,5,0,7,0.2,50,MID
Joseph,Anang,West Ham,0,0,0,0,0,0.0,0.0,0.0,0,0,0.0,0,0,0,0.1,40,GLK
James,Ward-Prowse,West Ham,5,6,103,1952,35,741.5,597.2,240.0,15,486,157.8,5,0,4,8.6,60,MID
Konstantinos,Mavropanos,West Ham,1,0,31,676,9,16.1,151.0,60.0,3,130,22.6,3,0,1,0.2,45,DEF
Mohammed,Kudus,West Ham,6,4,83,1141,23,210.3,367.6,226.0,11,277,80.3,3,0,3,3.3,68,MID
Lewis,Orford,West Ham,0,0,0,0,0,0.0,0.0,0.0,0,0,0.0,0,0,0,0.0,45,MID
Kaelan,Casey,West Ham,0,0,0,0,0,0.0,0.0,0.0,0,0,0.0,0,0,0,0.0,40,DEF
Oliver,Scarles,West Ham,0,0,0,0,0,0.0,0.0,0.0,0,0,0.0,0,0,0,0.0,40,DEF
Callum,Marshall,West Ham,0,0,0,0,0,0.0,0.0,0.0,0,0,0.0,0,0,0,0.0,45,FWD
Tommy,Doyle,Wolves,0,0,21,593,10,72.4,110.8,24.0,0,103,20.7,3,0,2,0.1,44,MID
Rayan,Aït-Nouri,Wolves,0,1,32,1268,22,177.5,206.2,90.0,1,179,47.2,2,0,5,0.3,45,DEF
Daniel,Bentley,Wolves,0,0,16,247,3,0.0,57.4,0.0,1,60,5.7,2,0,0,1.0,39,GLK
Bendegúz,Bolla,Wolves,0,0,0,0,0,0.0,0.0,0.0,0,0,0.0,0,0,0,0.4,40,DEF
Hugo,Bueno López,Wolves,0,0,20,392,7,74.4,84.0,25.0,0,80,18.2,2,0,1,0.1,44,DEF
Francisco Jorge,Tomás Oliveira,Wolves,0,0,0,0,0,0.0,0.0,0.0,0,0,0.0,0,0,0,0.0,45,MID
Luke,Cundle,Wolves,0,0,0,0,0,0.0,0.0,0.0,0,0,0.0,0,0,0,0.0,45,MID
Craig,Dawson,Wolves,1,1,58,1849,32,74.7,503.0,214.0,5,346,79.3,5,0,7,0.9,45,DEF
Fábio,Silva,Wolves,0,0,8,259,8,51.6,25.2,93.0,0,7,16.9,1,0,2,0.2,52,FWD
Gonçalo Manuel,Ganchinho Guedes,Wolves,0,0,0,0,0,0.0,0.0,0.0,0,0,0.0,0,0,0,0.0,54,MID
Joe,Hodge,Wolves,0,0,0,0,0,0.0,0.0,0.0,0,0,0.0,0,0,0,0.0,44,MID
Ki-Jana,Hoever,Wolves,0,0,0,0,0,0.0,0.0,0.0,0,0,0.0,0,0,0,0.0,40,DEF
Hwang,Hee-chan,Wolves,10,3,100,1446,23,203.6,442.8,451.0,10,280,110.0,2,0,4,3.2,55,MID
João Victor,Gomes da Silva,Wolves,0,2,40,1480,27,190.7,217.8,66.0,0,201,47.4,3,0,5,0.1,49,MID
Jonathan,Castro Otto,Wolves,0,0,1,4,0,0.0,5.0,0.0,0,3,0.5,0,0,0,0.0,43,DEF
Bruno,Cavaco Jordão,Wolves,0,0,0,0,0,0.0,0.0,0.0,0,0,0.0,0,0,0,0.2,43,MID
Sasa,Kalajdzic,Wolves,2,0,24,158,2,48.7,94.0,66.0,4,88,20.7,1,0,0,0.1,49,FWD
Max,Kilman,Wolves,2,0,60,2070,37,142.6,530.8,158.0,3,374,83.4,4,0,5,1.0,45,DEF
Tom,King,Wolves,0,0,0,0,0,0.0,0.0,0.0,0,0,0.0,0,0,0,0.7,39,GLK
Mario,Lemina,Wolves,4,0,63,1741,32,146.2,407.8,323.0,10,315,87.9,3,1,7,0.1,49,MID
Pedro,Lomba Neto,Wolves,2,10,73,1144,22,488.6,321.0,303.0,8,265,110.8,2,0,4,2.5,56,MID
Daniel,Castelo Podence,Wolves,0,0,0,0,0,0.0,0.0,0.0,0,0,0.0,0,0,0,0.0,53,MID
José,Malheiro de Sá,Wolves,0,0,62,1822,34,0.0,474.2,0.0,5,342,47.6,3,0,1,1.4,50,GLK
Pablo,Sarabia,Wolves,2,5,58,837,9,475.8,271.4,162.0,4,203,91.1,5,0,1,0.3,47,MID
Matija,Šarkić,Wolves,0,0,0,0,0,0.0,0.0,0.0,0,0,0.0,0,0,0,0.3,40,GLK
Nélson,Cabral Semedo,Wolves,0,1,46,1905,36,201.9,322.2,90.0,0,292,61.6,4,0,5,0.7,45,DEF
Toti António,Gomes,Wolves,0,2,50,1543,23,51.6,290.0,80.0,3,266,42.5,3,0,2,0.3,44,DEF
Boubacar,Traoré,Wolves,0,0,13,381,11,57.0,48.4,10.0,0,62,11.7,0,0,1,0.3,43,MID
Matheus,Santos Carneiro Da Cunha,Wolves,9,6,107,1943,33,336.5,628.2,679.0,12,421,164.0,5,0,5,6.2,57,FWD
Matt,Doherty,Wolves,1,0,27,559,10,94.7,127.8,69.0,1,102,29.2,1,0,1,0.2,43,DEF
Santiago,Bueno,Wolves,0,0,4,200,5,0.9,49.0,0.0,0,35,5.0,0,0,0,0.0,45,DEF
Enso,González,Wolves,0,0,0,0,0,0.0,0.0,0.0,0,0,0.0,0,0,0,0.0,50,MID
Nathan,Fraser,Wolves,0,0,1,8,1,0.1,6.0,0.0,0,4,0.6,0,0,0,0.1,45,FWD
Jean-Ricner,Bellegarde,Wolves,2,1,31,615,15,104.3,163.4,114.0,1,112,38.1,0,1,0,0.0,49,MID
Matthew,Whittingham,Wolves,0,0,0,0,0,0.0,0.0,0.0,0,0,0.0,0,0,0,0.0,45,MID
Tawanda,Chirewa,Wolves,0,0,1,2,0,0.3,5.2,0.0,0,3,0.6,0,0,0,0.0,44,MID
Justin,Hubner,Wolves,0,0,0,0,0,0.0,0.0,0.0,0,0,0.0,0,0,0,0.0,40,DEF
Owen,Hesketh,Wolves,0,0,0,0,0,0.0,0.0,0.0,0,0,0.0,0,0,0,0.0,45,MID
Ty,Barnett,Wolves,0,0,0,0,0,0.0,0.0,0.0,0,0,0.0,0,0,0,0.0,45,MID
Harvey,Griffiths,Wolves,0,0,0,0,0,0.0,0.0,0.0,0,0,0.0,0,0,0,0.0,45,MID
Yerson,Mosquera,Wolves,0,0,0,0,0,0.0,0.0,0.0,0,0,0.0,0,0,0,0.0,40,DEF
Noha,Lemina,Wolves,0,0,0,0,0,0.0,0.0,0.0,0,0,0.0,0,0,0,0.0,50,MID
